session_id,variant,dataset,round,accuracy,loss,f1_macro,f1_weighted,precision_macro,recall_macro,specificity_macro,auc_macro,num_samples,num_classes,blockchain_blocks,round_wall_time_s,model_payload_bytes,ipfs_model_cid,ipfs_metrics_cid,ipfs_local_cid,ipfs_vote_cid,timestamp,f1_class_0,f1_class_1,f1_class_2,f1_class_3,f1_class_4,f1_class_5
baseline_20260624_184127,baseline,UCIHAR,0,0.10892432982694265,1.7993139637277482,0.04976426412563651,0.04560229764360687,0.06478046809670114,0.12513120839733743,0.8263318876071524,0.4570625303644851,2947,6,4058,1782308503.06,3420320,QmWZ1wsCxxGuiv7hhkE6wxUZhwPWNxAqNbJiqjnifFsuwh,QmSuGMHeVJS1mpry1hcxJmLqt8wfECgDDM3DF25MJKWi35,,,2026-06-24T18:41:43.056405,0.1182108626198083,0.0,0.1803747221340108,0.0,0.0,0.0
baseline_20260624_184127,baseline,UCIHAR,1,0.7438072616219885,0.8816657193163608,0.7473644343661293,0.7520389868152844,0.8224928985042795,0.7334780863908472,0.948478816440056,0.9727662725489452,2947,6,4061,119.86,3420320,QmRnx4XhRMmc5RvYtYn4Y8Wf95XJZv4yCH93H531wvsmNW,QmUQ3CApwNBV8dZVPiimjHCuAoHi67kE6W29hxp9WxjFDt,QmWZUebSZFRm872481Qfsu9YNYkLxnnrEf398dn4LQSNUN,QmeiqZfaLLCKr6n4KrJEHK3F68JpSZSgTY8W6dWmBTn2zb,2026-06-24T18:47:41.879514,0.7740384615384616,0.7213541666666666,0.6897590361445783,0.6110689916603488,0.7186761229314421,0.9692898272552783
baseline_20260624_184127,baseline,UCIHAR,2,0.9090600610790635,0.37844497330011206,0.909027635319763,0.9097263663182559,0.9101039748866477,0.9099266924563395,0.9818823517828165,0.9884353895294834,2947,6,4064,74.77,3420320,QmTPUn41ByrVHDQb3vWAfe7NcLJ6by6UWotojAfQ1bD6yZ,QmcPgRLpFdXKWqDsBPoNDZdouEBDcoU8C4BgBikDA7ZHdB,QmNfUmsXeoSbVbSL6sh4zq7Qy4QPdNBxbDi92CReoQumDC,QmRDESTwe2jyGmrfvMpHWpQdPfEZPzBRnS8RVWwVNqj4pv,2026-06-24T18:52:33.709367,0.9612565445026178,0.9383783783783783,0.8923766816143498,0.8257425742574257,0.8373435996150145,0.9990680335507922
baseline_20260624_184127,baseline,UCIHAR,3,0.9043094672548354,0.32380402512214285,0.9047373039627017,0.9047484547296165,0.90549793349902,0.9053492029350788,0.9808755298529639,0.9891605846970891,2947,6,4067,63.65,3420320,QmbPgWaXzGTijKfX67SxJG4pPj51M7WofF8QvHcirgjcwc,Qmanevom3pEpgwrjPFZtZSS21pQe7Ksr6UXNaVY63J3AHk,QmUe3k9nCCPLSCSaXWvPcfjhiSpMATHoUgpgSo7CUjTEdM,QmT82cW2JzytERUtfgx5shwT9ZPdQsfBXYQqoGCeKq8seJ,2026-06-24T18:57:20.436046,0.970954356846473,0.9434782608695652,0.9076576576576577,0.7917948717948718,0.8145386766076421,1.0
baseline_20260624_184127,baseline,UCIHAR,4,0.9195792331184255,0.2900925557267793,0.9191102655842766,0.9197206802934411,0.9208566619882999,0.9195020253687529,0.9839286387415275,0.9886524093586487,2947,6,4070,80.07,3420320,QmUCL7D868RRjNA73LG1vGgBTqNFnMf1p63EAArhc5MPfw,QmXCZfv6f2TSGfzFAMANia1hiVKXSNmEUd5mmXB8dJ9NLs,QmQHurGFXqa2QHZojxvkzS1h2EK3qHf5iKTzAajdrizSso,Qmf3tpRSmxxCA8oQtPfZmQkvBp76ABUkW9MJ6WcWzvhuwA,2026-06-24T19:02:28.672321,0.9700722394220846,0.9392624728850325,0.9105322763306908,0.8336886993603412,0.8620378719567178,0.9990680335507922
baseline_20260624_184127,baseline,UCIHAR,5,0.9192399049881235,0.2883187344773336,0.9190086045225629,0.9194212101213598,0.9207897580083334,0.9196701563492681,0.9838662675544919,0.9869599864802668,2947,6,4073,79.86,3420320,Qmc7cugZzzynE7f3E9oC2uN7jLiB94zb3S2BRQhVrGBLQU,Qmd3A1MMX8MQsdAxaN2ixWjYUoWxPEXKirWPEtScJbnjbL,QmNT2dGPHQrkjfnyvyPJhSVTtorE92zs4MqZrLpzot2ta5,QmSJbNfByZ5w1AdHEsC4e9HszoSpFofiC3MaL4kK6nckqM,2026-06-24T19:07:30.500607,0.96794208893485,0.9431072210065645,0.9149888143176734,0.8313891834570519,0.8566243194192378,1.0
baseline_20260624_184127,baseline,UCIHAR,6,0.9124533423820834,0.28760321602780137,0.912632348587672,0.9126378305354969,0.9142669252090583,0.9134196778107629,0.9824970338639155,0.9881334537896579,2947,6,4076,71.82,3420320,QmYUY1sUJe13E17BqVD1sRUAT7xtoLy6ozYiBK9oqC45pa,QmVfsbAQ8ukwUMnLAp45VXUUhAzBVDZp6Awq1of26Xb8Wu,QmW5LGkQFgxWFszeepfMxikomUvGud1zRnBBwQADrE7dKP,QmcRxXrqqCK59mFu7SfwFH1hiu2W3BfKzLgsrCeFUV2tC8,2026-06-24T19:12:20.516895,0.96794208893485,0.9462129527991219,0.9186176142697882,0.8080168776371308,0.8350045578851413,1.0
baseline_20260624_184127,baseline,UCIHAR,7,0.9168646080760094,0.28465684562763,0.9169831247482975,0.9171437799253835,0.9183997333087514,0.9177945343982256,0.9833929315825142,0.9882509643943226,2947,6,4079,83.59,3420320,QmcsF5Dzysk7Ae2bo46h4LAuXDxMriB4zH41vN1kBaf5VH,QmU6mosP1KKVWKBdrERipeUNSJPVChttNby3DiDjnCPoVZ,QmRctgvQ8skAoCWWCtF3vfkvhxfBs917Wk1aYs4jcYxXof,Qmb6626TSyv61bbf87wDxwFu12bKNzy2rvq6UtXQRTEXxo,2026-06-24T19:17:28.465120,0.9699481865284975,0.9473684210526315,0.9175946547884187,0.8221757322175732,0.8448117539026629,1.0
baseline_20260624_184127,baseline,UCIHAR,8,0.9168646080760094,0.2787149250903662,0.9170853021853101,0.9172137281075583,0.9180923323477258,0.9180038152377991,0.9834021483174072,0.9891927946488247,2947,6,4082,67.75,3420320,QmYT1DDXpUWu8ammaMDQyFJjiezPzD2z37gGtQTC9EgJ4k,QmPVQFteTfvGKxvtK2CXcpNfBAvvcff7sffSZyP3DEH8h7,QmTBBjdgyzbAKJJ1r6GiYpqhFakUm6duXqLrF6y67wJ2Ps,QmSu9Co67QXPnPjiRpNq6tRLkv6rVPr3wXDeV4WTaD79xj,2026-06-24T19:22:20.129239,0.9699481865284975,0.9473684210526315,0.9175946547884187,0.8251028806584362,0.842497670083877,1.0
baseline_20260624_184127,baseline,UCIHAR,9,0.9175432643366135,0.2701428962594017,0.9173333656513606,0.9177520291752674,0.9189054909992104,0.9180346118491508,0.9835302422839569,0.9891519606267397,2947,6,4085,67.73,3420320,QmUrw5qtusxrFHx8P9NT1DR8SCCVtNsZNud56NnaXVtrg8,QmV4hxPaKxUVp78aAE7uxUykYv3PPZZnNAatDDs6v6PQat,QmedYhUNyuLnRoV7oWd9CEJTrYtPozbmc2SrCQ5bmcuSqC,QmXSCiTtiwiHqNvmtvTdhnfwXwaBhrcVzCm5v6Jewm6Y2r,2026-06-24T19:27:22.609497,0.9699481865284975,0.9422028353326063,0.912751677852349,0.8266384778012685,0.8524590163934426,1.0
baseline_20260624_184127,baseline,UCIHAR,10,0.9209365456396336,0.27265230661376993,0.9208281629755423,0.9211230044532747,0.9230364359499754,0.9215589947684314,0.9842032594040774,0.9886479464606951,2947,6,4088,69.44,3420320,QmTJ7T3aQSqkjrKV7XgQ3iwxi4imJtJkhZQARaKBPX6DkS,QmY61gY272VReL1GqhzQMmz93XhMi1A8uyf2p6Xyc3Qcyr,QmYAFoxcAbYZCRHG34uooJqDMZu6mRTkMS3rJPw8QAxvHZ,QmWvdCN5vjRZ16YsoPCQFNFpXx1WASQUAWgkQxFCwJD7HS,2026-06-24T19:32:14.181815,0.9699481865284975,0.9484083424807903,0.9187986651835373,0.8306709265175719,0.8571428571428571,1.0
baseline_20260624_202221,baseline,UCIHAR,0,0.2317611129962674,1.7898320314732004,0.11406825709925937,0.11458926703444199,0.08381175341287588,0.23118279569892475,0.8462967540559351,0.6260394021386883,2947,6,4120,1782314556.14,3420320,Qma9BUyws2pXF51EA21YsAaqmoeXABga1BR7gvwePj7Qi2,QmbEgfEjSt2Sm7TPRwdsmBzjdqAaZb7jHZqW8Cd8qNSzye,,,2026-06-24T20:22:36.138589,0.32989690721649484,0.0,0.0,0.35451263537906136,0.0,0.0
baseline_20260624_202221,baseline,UCIHAR,1,0.7319307770614184,0.959066463911787,0.733046686372074,0.7333586453542511,0.794924542886024,0.72966669329797,0.9461796395562434,0.9758784569173437,2947,6,4123,70.78,3420320,QmXtR2yGKW4jk2FkCR4mtkBPBWSD3cMipVLvQ5hSKKNBCL,QmdWfJi6ovGvgtuVyKFaL2sMmy22D3ttsTkTNwCa39PFiE,QmeNX9ztJ35w4cYGpfSLa1Ef2yCyq1ejHsEpnrNkTCreCt,QmRLEbVeVgdvT21nBtPT8AeX42aW4gL8f8WurAyRa9VteX,2026-06-24T20:27:33.049536,0.5828571428571429,0.8488888888888889,0.7458064516129033,0.6645817044566067,0.5829145728643216,0.9732313575525813
baseline_20260624_202221,baseline,UCIHAR,2,0.9032914828639295,0.38267150624318325,0.9039893199287082,0.9033099990888619,0.907657558222327,0.9049388461744599,0.9806310211513783,0.9856938514596837,2947,6,4126,75.04,3420320,QmbMqRC71i51ysYemrFpPD8tRXfTKWh4WHe7J8vcBnmWyJ,QmVi33wHd2pVZU5KmMDJXtFPrfJ5qVPK328mmvaFH1Xubc,QmRAZ77Cog2TFTbkZEAhPenzHtvk2sHFhtjeWiRPpBDbXV,QmR5N94g6qFQCjjdXQerWKp63FCctuZgZaAz8KjhYJDDZf,2026-06-24T20:32:32.279416,0.9413020277481323,0.9393305439330544,0.9357384441939121,0.7891891891891892,0.8451443569553806,0.9732313575525813
baseline_20260624_202221,baseline,UCIHAR,3,0.9222938581608415,0.2931160988246507,0.9229876301490667,0.9222794260852151,0.9247185693565961,0.9237356048101405,0.984427618863109,0.9892314706443295,2947,6,4129,74.92,3420320,Qme8ASZMgy6q7G3v6ypqSi4JGa7Jn1fHTWpyVWGHQ4EQFr,Qme44dkDQ8KYMKP6jqX2qLijzS53kYDxjxwKYYvhmfmiDE,Qmcm4KQku7RQAstuDivMsjDvDBMBnn19w1tJGim9MhJ1X3,QmdjDMvXkMsu7i4awaQb2pMMJ6HJTxEwMguiqxEnQ8SRmD,2026-06-24T20:37:32.744460,0.9698857736240913,0.9728555917480999,0.9448818897637795,0.8081023454157783,0.842200180342651,1.0
baseline_20260624_202221,baseline,UCIHAR,4,0.9236511706820495,0.26096202968124377,0.9243871901658424,0.9236803830755919,0.9252713694692388,0.9252923934788098,0.9847111320146533,0.990330048187579,2947,6,4132,96.29,3420320,QmWzuVy9wJi6Jzor7YN3sHuj3cDXZfbrFbvK3Z36Ur2fA3,QmaZAbh7ytT7xcfaRUUPN4BUkrRgTqmH2FcBHQtFEscKAt,QmUAETr9KDeyFYV5ftkjF8pJrqG49hg3kC6jHgpfZCddPK,QmZBy3YzhLrzdHfNcEVTcuXBNTNUcf43Bo77nqBH8UXptt,2026-06-24T20:42:57.887964,0.9730848861283644,0.9718004338394793,0.9448818897637795,0.8151260504201681,0.8414298808432631,1.0
baseline_20260624_202221,baseline,UCIHAR,5,0.9222938581608415,0.25769620789016817,0.9229169300494958,0.9222211547013441,0.9242942301783966,0.9237749922446326,0.9844313464183537,0.9909049673091858,2947,6,4135,73.79,3420320,Qmef85ahnfQVHUomPRWTt42tBESzXenk536VDKFp3ACRf5,QmPZpeydxsPQMDhGQwSxLn9563qypcZSgEh65L8ZPJ34Go,QmYB2VpZLwU5JP5H4nbNLkdu5gTjwDvYDPVZTSM9aUi18S,QmRswYTt8goN8FNAqqT2eAGobADu1BWWcw4ZtwbmNZjdNM,2026-06-24T20:48:07.963810,0.9710743801652892,0.9695652173913043,0.9448818897637795,0.8106382978723404,0.8413417951042611,1.0
baseline_20260624_202221,baseline,UCIHAR,6,0.9267051238547676,0.2446752508032195,0.9271236757370728,0.9266671462099366,0.9287344526625665,0.9279640607448383,0.985324403995178,0.9905955632850502,2947,6,4138,72.4,3420320,QmSWPueWvQWTWK82JhxQkkAPeKeDp7nGRfWUC7WwUJckde,QmbYFKyEgVP6cX4dHMgtdGhSBSFUv5nJ51w2c6Z89GRkXg,QmXsNzqFoxr4gqgPDCiqhEEBmDUFUgkY1SYKdwtfB48vpJ,QmaBkXriL5ChFRLcLwDNXeHrTWqY2NKhXJnqw5hMf3tDGk,2026-06-24T20:53:04.217294,0.9720785935884177,0.9684439608269858,0.9427609427609428,0.8251599147121536,0.8542986425339366,1.0
baseline_20260624_202221,baseline,UCIHAR,7,0.9246691550729556,0.2398444132760484,0.9251832347670962,0.9246409264752892,0.9263024026645796,0.926064131439004,0.9849170314526234,0.9914531774165116,2947,6,4141,68.29,3420320,QmQSq66kfjTUm3DVdpXfHt3qRNFnjh8svcnLLgzJEMTFiz,QmfCuWX1uTHRpHXoHjqn5EoDHbtGWvszj528tRPT7yTKdd,QmWfLSp2rnMJXi7utcfMsiyXvvzuM5uAU3AhY9sEPKnYbu,QmZvGcuQp659FWztYQiaQfCuvNEqvw53wGNFWLma1iF6P5,2026-06-24T20:57:56.726926,0.9731404958677686,0.9685124864277959,0.9426321709786277,0.819047619047619,0.8477666362807658,1.0
baseline_20260624_202221,baseline,UCIHAR,8,0.9256871394638616,0.24186932244040865,0.9261530296548098,0.9255929045479566,0.9277095714644142,0.926925500748224,0.9851113678038148,0.990595625451132,2947,6,4144,69.76,3420320,Qmdv5MDq1huUCZSkT9TG1Yugdqyud3CcBWATe3EKzMHF6s,QmTFpvWTNgE4FHotA8pua7QgmSikRUFU7BMXcu7JZE7NgM,Qmcm7BALBHLv8bXWFp8a7EdQsjSPpPPbyc3mkSnWE7xRGT,QmVjF765EPHJ69otjQ4wZcbtFcVu2hCF4HKUbc5Svi91dU,2026-06-24T21:02:52.421080,0.9711340206185567,0.9695652173913043,0.9447576099210823,0.8205128205128205,0.8509485094850948,1.0
baseline_20260624_202221,baseline,UCIHAR,9,0.9270444519850696,0.23612052806593636,0.9277016368046317,0.9269002431715734,0.9285654959638343,0.9284128601690481,0.9853715630239551,0.9905947172576566,2947,6,4147,74.47,3420320,QmYM9Gegy686dauVefis1Ndk93MEd2kAomHHqy8pbj6Vz5,Qmask3QUMqYrmo4uUhS5gA3kfVmRtK2J9BFfgPZjuzkLVj,QmPYukKA7MNxC4YmseymdfXJo8Vg9oW3WsHzrfsVarYFYE,QmZSGmJgAaWuvAWoYzenCpN1cuzPJ6g63K5Re4SdSsyoqU,2026-06-24T21:07:52.754266,0.9795501022494888,0.9685124864277959,0.9533560864618885,0.8177966101694916,0.8469945355191257,1.0
baseline_20260624_202221,baseline,UCIHAR,10,0.9290804207668816,0.23858820397327554,0.9295535232958126,0.9289218639138465,0.9307824423961808,0.9302554073910235,0.9857836945616884,0.9909243116447204,2947,6,4150,70.43,3420320,QmcTeT13iP3CnU9tywzotTTJRq99hyMUKAQUaZ7QisAh8i,QmdiwUvcnWDbTew8gp37A2vodB5LkB8VHHNSgj6Y3kcvbt,QmVRcGmzX2iBfjoFzEVDGv3JJkMHdo4nBphEzFFfUGFSFS,QmSK3Tt6w626TCYvLAzsyXu2ZcD8HjCtoCT1XE9p9b5LT3,2026-06-24T21:12:47.362883,0.9785056294779939,0.967391304347826,0.9511918274687855,0.8251599147121536,0.855072463768116,1.0
baseline_20260624_215747,baseline,UCIHAR,0,0.14726840855106887,1.7959263705192727,0.04356117635250426,0.043546394819978816,0.025559481743227325,0.1473183978275628,0.8295293887552863,0.33107600017105016,2947,6,4172,1782320285.62,3420320,QmVRT821p3yK1DJiRHf8EkwWaJWtKNw21k67LmEv2V8g7M,QmQfLqyUnnxZ3KhbpzL8J5WXHcYBZzDo7QHFGCgfZu4Sjr,,,2026-06-24T21:58:05.618634,0.0,0.0,0.0,0.2613670581150256,0.0,0.0
baseline_20260624_215747,baseline,UCIHAR,1,0.7343060739735324,0.8996141292947404,0.7189648028549337,0.7256986490490701,0.8183651816575169,0.7204295051274959,0.9464091438097787,0.9739797628043546,2947,6,4175,77.74,3420320,QmNWx4ZtwMGZ5DhbduXjsX4JdZtkYFA3XtcJLts4GP7EM2,Qmba2o7PHC53nsHPr9KeBeUp1U3VVsJTHrij6ixUBS229N,QmfUDXQCJYSWDAsu8cGgic5EJmKEfKRRtN1LTKPuXsb1ci,QmaS7aAnTXpgejyizC2dYjLub8Chy29pZTwwPNi8Hz9iw1,2026-06-24T22:03:06.392203,0.6232686980609419,0.8481675392670157,0.5416666666666666,0.6435555555555555,0.6718092566619915,0.9853211009174312
baseline_20260624_215747,baseline,UCIHAR,2,0.9032914828639295,0.3575260698636796,0.9051251768401277,0.9043791003202901,0.9082698934487475,0.9031904137533879,0.9805660525414842,0.9886249283394971,2947,6,4178,82.55,3420320,QmZELSinSzoVLffg78TSZsrM5ydf7D9cEqpSZJKKDWveRH,QmUvzStMSrJqWwF3PcRRhvnyRGwx9xfUBuHRTvzAP9AEr7,QmNrDVcFpymTnfTtB6Cs1onhtJKmvqc4Z9g4cLkSbVLQSq,QmR8jnag8nkVnLMuvUBGmtPpCU1cumteU3F45KWt21nCPS,2026-06-24T22:08:19.773630,0.9474789915966386,0.9748953974895398,0.9313725490196079,0.7575150300601202,0.8204193254329991,0.9990697674418605
baseline_20260624_215747,baseline,UCIHAR,3,0.9090600610790635,0.29163701800589864,0.9104010366215213,0.909550857443015,0.9108213893737068,0.9107506080945217,0.9817884286542085,0.9906170644861717,2947,6,4181,75.38,3420320,QmfPYgBZaFAuM1XZC8o4f1E35PGiA2UfvX48YRXSk6tyEV,QmVwQK9ViPycxVMqtqUD1kv6wQachzcC84Qr7v2Ce5BLiL,QmaEwbSfV2ivBFjFKg1xPyx5kvrdagPx1oCQaiRdDKxMwq,QmbKmk2s1Wwtn5v41bi4gEeD1FK5P1Noe7JanANa3YwuTx,2026-06-24T22:13:17.342827,0.9720207253886011,0.9709364908503767,0.9311926605504587,0.7814702920443102,0.8067860508953817,1.0
baseline_20260624_215747,baseline,UCIHAR,4,0.9090600610790635,0.27104215395260367,0.9097370122041029,0.9092563855651042,0.9101407321078522,0.910049765925764,0.9817841661510914,0.9903858320433535,2947,6,4184,78.9,3420320,QmXMYkAfco54b68wJrAdQBGtZzVu8eE2kdRDq8C2ZoFUJU,Qmaoa3vRv1wZQV5cezJwgUtUUwjYFS3yYsv4p8x9CS4Nah,QmYWfVMctM9SToAeDozvF6Z4nJbvDd3e1yEnX21w9gi9fm,QmZ1tnwVaAxLVGtB6zMWP4MMP3mFuvqADv1AqktqMT2Cyn,2026-06-24T22:18:21.057111,0.9661538461538461,0.9632829373650108,0.9241379310344827,0.7867494824016563,0.8180978762696214,1.0
baseline_20260624_225729,baseline,UCIHAR,0,0.166610111978283,1.7915509964557403,0.04840776890466331,0.04839134278694881,0.02831603229527105,0.16666666666666666,0.8334420130129884,0.4937977330158512,2947,6,4191,1782323862.35,3420320,QmYMdKSdn8cKWiWwWqpsLqwYCW5epNvAHHv2WzhiC6HWiU,QmTKRJ5o1xWgbrFBRjRdmtdEYUpESSmZZNoAvGvjJxot9u,,,2026-06-24T22:57:42.350761,0.0,0.0,0.0,0.2904466134279799,0.0,0.0
baseline_20260624_225729,baseline,UCIHAR,1,0.7146250424160163,0.8798991429044846,0.6889556556117107,0.6921143209446469,0.7793604898025678,0.708441647191361,0.9428349145970846,0.9711229629173473,2947,6,4194,78.3,3420320,QmV8wFUU2WVJjGxLohXAS8M2Ziw9kBuHY1NrT9zL1gwUgv,QmcV2Xr1hvj8Luym3NNTHCyYVvDdnAveYpP2F31QgXxsJ7,QmP8sPMBGfkbp7YmfKVLH7ewcWBdoNPJuCSu3QS2tfPqgW,QmUHkazT9G8HSXoQpGr4sJYF2GhFRXYriyTxyatBYv7EmU,2026-06-24T23:02:48.113433,0.3129251700680272,0.7282266526757608,0.7603092783505154,0.576,0.7618283881315157,0.9944444444444445
baseline_20260624_225729,baseline,UCIHAR,2,0.8920936545639634,0.40324438727916556,0.892799802241596,0.8927020906623149,0.8947973497130929,0.8949271019016053,0.9785087784750964,0.9862789800070747,2947,6,4197,77.47,3420320,QmaYteJPmpYdMvGprnJfdr3JZNTWEuN93BUooNoZ7fXmJx,QmZaoCVygeSH6XzAawewfnq8tRZdUyZuw8QSx22gqczvU2,QmU8fj3kLn4dYLMe7Adi3p5wBMip8SCAB27wKz94sw5SJB,QmaoViY7TPTWBTaBBHR1N1JxjwtfvXcYaga3D91LjmY8fM,2026-06-24T23:07:47.226117,0.9356223175965666,0.9201680672268907,0.9013157894736842,0.807843137254902,0.8203125,0.9715370018975332
baseline_20260624_225729,baseline,UCIHAR,3,0.9124533423820834,0.32002312365047475,0.9124289967281025,0.9129260561714465,0.9151922066466774,0.9138597746927616,0.9825598034471815,0.99009183795479,2947,6,4200,111.76,3420320,QmVncFXrsqhVsMGfeAfNyYQrui7SvVhvP9Vk6T1ZQwVqLN,Qmef74FKnv8Ck22nYKe5sZhn7qe172wR5JGhBVEt1sbMrg,QmeXyrVMD57yeBvDCc1jgP9jfRtnSagvVBBtnwbzK2TK8d,QmSpemij7R8yvNWNLMMomfNyyMoBSYpXdDKCPpvCutseQs,2026-06-24T23:13:36.418281,0.9514767932489452,0.9466666666666667,0.9030172413793104,0.827300930713547,0.8507462686567164,0.995366079703429
baseline_20260624_225729,baseline,UCIHAR,4,0.9080420766881574,0.3043485464567834,0.9079784310814456,0.9081950151597961,0.9117404877599763,0.9092765228771401,0.9816394809959972,0.9904322902819187,2947,6,4203,187.43,3420320,QmWnKV3qehuXyaMHfDUvbtYwa3Ev95uhNsNGDUuhfoJbRq,QmXGR2xEbX5ShjdnzEWmRfcWphsayKT9j6FaYf755H7384,QmSQZ34erB2SwYQByeQ6bGbhe8aCQokMSu73k4i3sVCebV,Qmd3LrHZhox2A7UKQvTPeq4b5ayNUZ8v6ujHS3q43qkMsQ,2026-06-24T23:20:34.891489,0.9536842105263158,0.9488888888888889,0.9081081081081082,0.8017148981779206,0.8401084010840109,0.995366079703429
baseline_20260624_225729,baseline,UCIHAR,5,0.9155072955548015,0.2824965378150661,0.9157178976910232,0.9156678907270873,0.9182836748084989,0.916698584141641,0.9831111071348287,0.9917388180885468,2947,6,4206,133.44,3420320,QmYNgFh1GgrcZWuo558EC1jxfX94YGuoJZHoK7HkPK8XQD,QmVzaAjT1VBcXDfQfwAFWYBetB15iZGjmocPJLoDAfSjxu,Qme8qPsuPRMT3UTT93ZnjgvqWtJ8gaxYeLgdhJEbnYDEQF,QmSZS1v6Xb9XWquFe17XbaJh5dvzWjrCuDtmmv5KUEJ37M,2026-06-24T23:28:33.252616,0.963579604578564,0.9536423841059603,0.9229074889867841,0.8115015974440895,0.8426763110307414,1.0
baseline_20260624_225729,baseline,UCIHAR,6,0.9090600610790635,0.273049338780185,0.9096951944012895,0.9093132712068864,0.9114240259542905,0.9108023988738757,0.981820306587895,0.992040102186325,2947,6,4209,84.14,3420320,QmdkScktsMjU6JFQHLBfr544gQrQ2hKiHP87nXpAD929rP,QmTV8MphmB8JGuatew9KDJkJzwdRC5qGqmkc661r4xWnWw,QmPuGmhUcEGhKsqVXujeBcjL11h48d24npG8dJHBVJABpd,QmVtYLzxingBFvtYLpui8UwxQ6NyJjzf3949zEjUVyxKFR,2026-06-24T23:33:45.678334,0.9658031088082901,0.9512195121951219,0.9251101321585903,0.7950052029136316,0.8210332103321033,1.0
baseline_20260624_225729,baseline,UCIHAR,7,0.9124533423820834,0.2769967382179296,0.9129657946384881,0.9127662857479106,0.9147467693635364,0.9140956133913467,0.9825109331946916,0.9917210983456286,2947,6,4212,105.41,3420320,QmQpkTcoVgN5tXT4VhVJMq1HRJ6VEdt3dYpDp938jVaFYR,QmV8qA5WZucGYykZhVanWf8hbVJtaeEVQKmhYa138hs682,QmaCG78NwpfgVYPtCUx9iM6UyDJjbJCkAww4G8L7gLxpvy,QmbRsdvnwNGUNSyxi6eHv7eoqASf3KiaxniJ5FiKiFmVf7,2026-06-24T23:39:14.796705,0.9657320872274143,0.9512195121951219,0.9230769230769231,0.8070539419087137,0.8307123034227567,1.0
baseline_20260624_225729,baseline,UCIHAR,8,0.9121140142517815,0.27478916574507317,0.9122492956233345,0.9121982519849299,0.9152765604699465,0.9133478738220043,0.9824323765096762,0.9918804442267418,2947,6,4215,76.06,3420320,QmRKoKceB5BSoB3Nsf4j17dqdQsGfepawUUpewYH8kgpKn,QmeTKAuS2MAYz6VGT1xKtFzH5zA49cvkzAVgvcuzBffkMV,QmTbtmB59HPojKXdvmRQEsxj4oRfHCeB6cUf6V8m8eePMS,QmdYZnbyYm8JuXH5kZeA2PhU48xPJp4VpJejDydNd2NwoE,2026-06-24T23:44:30.603040,0.9625,0.9512195121951219,0.9200438116100766,0.8029978586723768,0.8385933273219116,0.9981412639405205
baseline_20260624_225729,baseline,UCIHAR,9,0.9158466236851035,0.2730919807515246,0.9160631634589511,0.9159957470901395,0.918170252429643,0.917158289725275,0.9831849077593819,0.9914505985291627,2947,6,4218,107.96,3420320,QmSLWM9rTZkuBZon2LQkDTxToE8ZnB7QavntDnYs1ai3eB,QmfGx4cjrFxbmz58ZTknEoQAK13Ug5NJZLzidBCEmi75uK,QmX4ade79ms7rZjLDyj9fKjfbXL1JVvi5zPFafW6YYQyps,QmaLo7GR5kTRctkJz3BYikBLNePVAnmRkaquufn7Cuyxo9,2026-06-24T23:50:02.903399,0.9658031088082901,0.9500554938956715,0.9240924092409241,0.8147368421052632,0.8435498627630376,0.9981412639405205
baseline_20260624_225729,baseline,UCIHAR,10,0.9182219205972175,0.26822115908911887,0.9182006248033723,0.9181494809106688,0.9210796436687952,0.9192102062339108,0.9836448550050263,0.9919130784679461,2947,6,4221,78.49,3420320,QmVMBJTgQ3E8PhdhDV732X8pHyM3f1iVNmrfZeFdNaDgJo,QmP1T93SmLq4FHnBexZLrSLpnet9e8kyVa3TtPhfkZkXDs,QmaNeRZKuy4cLnvKiio1q9unVp8qrzV8ngkQqWMQrsKXKZ,QmWu4kRNxWbtmpEupzhzuQBYo6TM7moXQgAhSM38e8qYF4,2026-06-24T23:55:29.768391,0.96900826446281,0.9500554938956715,0.9271523178807947,0.8150537634408602,0.8507194244604317,0.9972144846796658
baseline_20260625_004741,baseline,UCIHAR,0,0.1326772989480828,1.801673503632241,0.03918620966125476,0.03917291267799678,0.0229864785420341,0.1327223353699932,0.8264021607399498,0.2321389714396184,2947,6,4253,1782330474.93,3420320,QmXaT36vbrYpAZhiJvCPCF6Dwh3SpFLKwLpXYqbns18PaV,QmXexq6EGv1yXuR8Tz6kTJTudBBFn61QkkdsuXzTAg9tD9,,,2026-06-25T00:47:54.932276,0.0,0.0,0.0,0.23511725796752855,0.0,0.0
baseline_20260625_004741,baseline,UCIHAR,1,0.7468612147947065,0.8336482523603642,0.7420841114646076,0.7455222715618096,0.8239766715444632,0.7377160320354146,0.9490389432675412,0.9773852094888716,2947,6,4256,72.6,3420320,QmeLrxH2LQXyfHtMF28HSRg37zaZ4p9LX2Hx1spM5RuwBe,QmTFnixfcnP8LbETa4rCp8itrB4Q6ZYjYnPtcjDWknfkbq,QmY7w2PKDK9qmWK8erzkSVKzbYdEhRTTMSyps7qed99kbW,QmdwSPweBsoYZdz7ra2fPGHynjZbpcmxM1ZU3a14CYhzLu,2026-06-25T00:52:49.644270,0.6028169014084507,0.8467309753483387,0.6883720930232559,0.6396103896103896,0.6759045419553503,0.9990697674418605
baseline_20260625_004741,baseline,UCIHAR,2,0.8968442483881914,0.3715253976827606,0.895575596031397,0.895952780949545,0.902680008560128,0.8964037334961376,0.9793307103225587,0.9902929349659769,2947,6,4259,80.76,3420320,QmVb3pJhctAEBxxfWJKJCYboqbLXRsJtr4Sqg7cvam2XZu,QmTPKUwJuyMVjoimYDNLJUwNgaGaqBvxsus6nwzP5DiT3h,QmPtch6rW1VTvBymbNPFL5GxMevTukbxvmQjq6ruB6WSMH,QmSaHfg8FPdw41DAxFENUQCQC5aKCSKpppkdSsc6ZnRW1g,2026-06-25T00:57:54.082037,0.9413020277481323,0.9232386961093586,0.9078498293515358,0.766248574686431,0.8357446808510638,0.9990697674418605
baseline_20260625_004741,baseline,UCIHAR,3,0.8971835765184933,0.3072527537637569,0.8974172142021954,0.8975200374642727,0.8992065166369988,0.8984989460182815,0.9794650769298494,0.9901566759739407,2947,6,4262,90.47,3420320,QmSKEYyWUYcnsxujLYxxfR6zFAH13xLAkTUpiF1mHRELhV,QmVkMPN5paf557YKMkkDMYSD7t7SoFAJ1PyX7CEzgt5nWU,QmV9HjRD8fZunfgRGiRqzWHxK8qFZRHSNuDfpVqHkfmArp,QmQezYxMK63c1gnKrTL2qUeRW5311SXzBqkYgXCZzwXZQM,2026-06-25T01:03:09.379816,0.9447983014861996,0.9438444924406048,0.9006622516556292,0.7828810020876826,0.8132474701011959,0.9990697674418605
baseline_20260625_004741,baseline,UCIHAR,4,0.9073634204275535,0.287652254302768,0.9071716026445388,0.9076850719400172,0.9098565607978717,0.9082974593413716,0.9815186123337369,0.9899581000081841,2947,6,4265,82.94,3420320,QmRXBUadEJSB1G4aA6ZG9rmnU6vRJxXdou2xAqfnxwj3VK,QmUAqhENTsRAk9pBoKcggahiaUtGBjFZbRvt5MWQ2VGzCY,QmfNvn932YpAZqn9QyRATAiySpzva2x3EfRTsHitXJjV89,QmVf3XWvBBTZdf2yC6nfDWBE7fzF9gTx3ZLeeYtFtSJfd8,2026-06-25T01:08:15.152731,0.9435569755058573,0.9467969598262758,0.899343544857768,0.8118393234672304,0.843351548269581,0.9981412639405205
baseline_20260625_004741,baseline,UCIHAR,5,0.9161859518154055,0.2594379194556399,0.9163133981441712,0.9160365326870898,0.9185907914848302,0.9172712605540215,0.9832238672163734,0.9916870510586651,2947,6,4268,64.67,3420320,Qmd6iyoh7MfTTGVVY4PcJVkt62Xy13WJmTAijAir4n6Q7d,QmbfJXtTgEsViwzW8bnRXPqdenZY1yQtg8vLw2H9qGm6VX,QmfHQQXeZHPwuAnHAsFfdmXbdB8nDgovr1zRdDXAcSnxVf,Qmd8nRtv4S5kA9U2FYejg3j917aQnyjUMKA1Gy7mnLvyuG,2026-06-25T01:13:01.981887,0.9535864978902954,0.9657387580299786,0.9282511210762332,0.8073196986006459,0.8448430493273542,0.9981412639405205
baseline_20260625_004741,baseline,UCIHAR,6,0.9161859518154055,0.2535895851460543,0.9166501679606783,0.9161322356475449,0.9180027481623169,0.9175089089503556,0.9832166938859074,0.9910864130121427,2947,6,4271,76.51,3420320,QmWaxyzTtJ7oFFSGapzpquJPrT2VnqY8TWpWvsAt9tJoz1,QmUvqNd7VF5jTDMdasEEXwCdsxjyvQbyZokW4q3vehSFo4,QmSmy9ndXUTbdLSAuUgNhNEmj47qnvVsGfR6DkEssUFtzc,QmQCvkYpARY86nyBsk5F4BrLjDnvCEbJNiVXRNvrJffqD9,2026-06-25T01:18:01.814968,0.9612565445026178,0.9678111587982833,0.9334836527621195,0.802547770700637,0.8366606170598911,0.9981412639405205
baseline_20260625_004741,baseline,UCIHAR,7,0.9216152019002375,0.25452678099750203,0.92184945257979,0.9212281017358344,0.9240235576045471,0.9226297536144993,0.9842815522738846,0.9912068231272673,2947,6,4274,89.47,3420320,QmW8Dkt53JqVncS4b3cuzTVX2SMfpm3dYqTyhWQR1Z559J,QmZyXepCvYWLiUa4A3DUZDx1yH6gTXCHDBkuLwoc3xneho,QmWZgguZm6F2Kea7GDrZ6jMqNXczuPk67GPvNNu6NLYU2a,QmQBpFHSUYszzh6eMWG9CWAyH7nN17oxxjpWYhP2N4m6cR,2026-06-25T01:23:12.398747,0.9535864978902954,0.9696335078534032,0.944954128440367,0.8138528138528138,0.85,0.9990697674418605
baseline_20260625_004741,baseline,UCIHAR,8,0.9212758737699356,0.25194030088630126,0.9216318678681713,0.9210849716606236,0.9238854960349904,0.9224932465877379,0.9842263232395442,0.991231355924941,2947,6,4277,67.99,3420320,QmSDa58VGh8Nk89xCa83jRCkiFChd5x96zubtJb1uAND3s,QmRZkwshsfmKisdyygXV4eaGcH1NawVbra9oFY8htuXTko,QmSMMzCWsXaTY1HX6Dvz2dWBaxyi5UVj35tbFSo3wmQyAG,QmV6qu1KDtNS6CofWsSrJdkhWLfsqB2L5A9CfAgYcRAQmY,2026-06-25T01:28:05.164837,0.9557894736842105,0.976545842217484,0.9390519187358917,0.8112189859762675,0.8471849865951743,1.0
baseline_20260625_004741,baseline,UCIHAR,9,0.9216152019002375,0.24822353547874917,0.9221083417834612,0.9214541765204549,0.924146861831913,0.9230476453943631,0.9842949072307151,0.9906309445876147,2947,6,4280,73.49,3420320,QmepCKAqQN45w6DK4CyKqzJ14Q1qHG4rgk5XHAPMXDhbP4,QmcH7B2B2t1nPTj4FUiUKbw2jyfC8hWk9TytTCeNww59ir,QmZkyZjFnRdRpXeUU79tr3qkg5LkcgyoGupdJKWhkBCpH5,QmYukcm6S2Si5iKF1Mr3SBibWizdQyXPuxrekW2JVAky9g,2026-06-25T01:33:02.365811,0.957983193277311,0.9785407725321889,0.9415730337078652,0.8098818474758325,0.8456014362657092,0.9990697674418605
baseline_20260625_004741,baseline,UCIHAR,10,0.9270444519850696,0.24214537931170235,0.9275722897588125,0.9266523226758966,0.9300897404859404,0.9282460505717145,0.985350017478789,0.9910216465012867,2947,6,4283,77.89,3420320,QmZiFjjGvWvJueFCpnNXx3gDARutfm4hmqwk1dQsWSsSy7,QmTwngojnM6XX6dr3mUZ5mjEnrJ8CjKF3n6yZnqMQA1WVd,QmeG2muapDTD2XgBGMYmFZV3P8US8vNUSSYdMM3tvi94j3,QmXGHCq1EkNMjhqffc64Y3sgbDFZVVd3kzS7c48eKMZTiL,2026-06-25T01:38:02.417252,0.9655891553701773,0.9840933191940615,0.954233409610984,0.8122270742358079,0.849290780141844,1.0
baseline_20260625_022759,baseline,UCIHAR,0,0.168306752629793,1.7893819986505712,0.04802013747700649,0.0484926803975471,0.028051125438298834,0.16666666666666666,0.8333333333333334,0.5887726860027452,2947,6,4315,1782336490.52,3420320,QmfGqw8X1RFTSpwsWYsr8Bijnzdvcxzg9YmXgXa9LfJ8kh,QmXBVhBYDo4Crp8nt38CTWoJPGguDQXdH2jaSacQaYg4N6,,,2026-06-25T02:28:10.522928,0.28812082486203894,0.0,0.0,0.0,0.0,0.0
baseline_20260625_022759,baseline,UCIHAR,1,0.7974211062097047,0.7958160385172418,0.7989066148367288,0.7999243798681857,0.8250366017347813,0.7946373826617288,0.9593386376532828,0.977925062084683,2947,6,4318,70.34,3420320,QmWVg5fVsxi911cxFimQBX4iDxLM3vurhMdPwW9jWdYwYw,QmZKsLBi1ehyYFW6vK4qGBHG66JcFma8BHU8WxAAoCqMU4,QmZh48NFp5RW4D5dqyxp8WjGay7Afqg4SsMgv2Rm4DZ1na,QmRQzi7AoGgaHbMcgcxmfHJeCXsVGFvVuv6Z8uRtEnWBRp,2026-06-25T02:33:05.503227,0.7422166874221668,0.8462401795735129,0.8090692124105012,0.6992337164750958,0.7182761372705507,0.9784037558685446
baseline_20260625_022759,baseline,UCIHAR,2,0.8992195453003053,0.39132981287672164,0.899435214803154,0.899894617557755,0.9042924708159122,0.9005198179562054,0.9798968516181942,0.9868966461915746,2947,6,4321,68.57,3420320,QmP2w9M8xK8eNRf4tx5CVCFwJMsW2d8uh2cRxNw25F8dZD,QmZqKYD5TgybGBPp16r9NrsLHmabtCfWXbsMX68LLoL8Kn,QmPaX5Ts1jz7FtKERVxewTL48Po5Gp2TBdAa4eyZFbcGb4,QmXuMgDwiuiWqg9Fr6bgEFMucw6G7FMoB8pqGKFJS7WF6E,2026-06-25T02:37:56.208962,0.939297124600639,0.9417040358744395,0.8952991452991453,0.791974656810982,0.8292682926829268,0.9990680335507922
baseline_20260625_022759,baseline,UCIHAR,3,0.8978622327790974,0.30757761132368383,0.8990608240990245,0.8982388545678233,0.8997757740342588,0.9005977574068665,0.9795898377129153,0.9912378908954881,2947,6,4324,78.53,3420320,QmTmxRTEyDToYv5mRBvHJMLw98Ti8wPttZsrWmUrt5y4yU,QmapGYDBpQEwif3MQwhnENDtsQZXqpyheUGu3VkARhawTU,QmawuWqRr5jetuAiZ9WSM48TemoZPSr1Hu92r1kdM2fPu8,Qmba1D4AtsjsDTzFuTN5UDwMZdXWTzvoFqNjxMA3TyStNs,2026-06-25T02:43:00.550743,0.9604166666666667,0.9414316702819957,0.9239250275633958,0.7833163784333672,0.8041431261770244,0.9811320754716981
baseline_20260625_022759,baseline,UCIHAR,4,0.9060061079063454,0.2975059672397502,0.9066025595875883,0.9061783790927255,0.9085451889357895,0.9078837489794966,0.9812104438507901,0.99142423591407,2947,6,4327,81.05,3420320,QmNUnBDoEoNQXchaqxX8j4Gzwa462ffFg3PJAoereDpaph,QmTUT5uXYHXJW2oGBXNz5dCVeEkyz9K2F4WW8LdJrtM9nU,QmX3F4qQYYKC6r19rzJZGTUXt2EQYR4WJvRQwCgNpy9a2c,QmeQ1fvHeQPRc1p6XBjWjcCFAepmsUiNMXc92JcynmFK94,2026-06-25T02:48:06.121076,0.9613375130616509,0.9558498896247241,0.9200438116100766,0.7895287958115184,0.8202764976958525,0.9925788497217068
baseline_20260625_022759,baseline,UCIHAR,5,0.9015948422124194,0.27830330464751163,0.9025407647491178,0.9017812923041211,0.9032395253026135,0.9041281413823193,0.9803304710064196,0.991673624980861,2947,6,4330,76.0,3420320,QmaDVV4eXuy8TLtDYvRCNqi34tuEsKjDTGgNbEruyFvUCt,QmSmN8pH2Z2dbQExCKggNpWKwvqXHP5nLRVvLZUuq3RVJ4,QmTPEH8qLDiKbskVQTVdCK4TytyRfGUYAtdf9jJ1vqtJqp,QmYWEvXqt1XcxAuEg9vpFss2yUiPxufn1CMTpoi5r3v2Aj,2026-06-25T02:53:10.049913,0.967741935483871,0.9415584415584416,0.9261300992282249,0.7867494824016563,0.813780260707635,0.9792843691148776
baseline_20260625_022759,baseline,UCIHAR,6,0.9073634204275535,0.26236079890835795,0.9081411688901325,0.9074879330444257,0.9091923326707373,0.9095431785314623,0.9814757591632715,0.9920894560075116,2947,6,4333,74.81,3420320,QmcksCNJbSJCG2Fu1Ww5xCodZApmTGWNPHjVDELvLJgTTq,QmbBh18Jv98JSbayTEHisLaqLwkeHyZD6RdFEHRiSE7djX,QmS4suxQ9dBtuUMCz5tdeX8VfypJxAtrqs9JL37R7iNkXg,QmeZV3AfZM2zMMpDnhh3EoQoQCcsqEBnMHzNcfcXJNT9x1,2026-06-25T02:58:06.200728,0.9688149688149689,0.9449838187702265,0.9302325581395349,0.7957894736842105,0.826007326007326,0.9830188679245283
baseline_20260625_022759,baseline,UCIHAR,7,0.9022734984730234,0.2599622905254364,0.9036370500405958,0.90257226933206,0.9038031386141773,0.9052525745538739,0.9804640181195784,0.9918109720852287,2947,6,4336,79.72,3420320,QmSQwLWhJkRACHn5XXeQTvTvukP3t5v2QsDUjhKPRXhCgK,QmPJs1b2RQZk3dNW4VCWPWLPePsJ3dghwYHs2n1iZ7qDum,QmW9C5TA9rCkA1ucawtXcxdGNaZUXX5ArD1GXqCze2Rzpm,QmRxUH5YUty2puoT9zVJPfTxJgZyA3V75gRTq64jrv3qMc,2026-06-25T03:03:10.050822,0.970954356846473,0.9411764705882353,0.9343715239154616,0.790224032586558,0.807909604519774,0.9771863117870723
baseline_20260625_022759,baseline,UCIHAR,8,0.9077027485578555,0.2550078681174745,0.9090362666494091,0.907948222512267,0.909236921505533,0.9103774004735352,0.981534263088567,0.9917175147160093,2947,6,4339,71.33,3420320,QmR7T8rm7mXhywtb54ovkBMe3SUnTsFCbYNWgi8Lod1aux,QmTUPWux4cBs4HxThRzA9uKDbboQ3vMhqTaN3LypeZn5u8,QmdN6vKNusbAzPMWzcrLGM5synS96V2i8SYPh9rRVj1Cto,QmVNfVZAWBqHScx9KGbJR6xAurbsmaKdQjegWvreeEFJR7,2026-06-25T03:08:04.551449,0.9720207253886011,0.9527896995708155,0.9395973154362416,0.7926078028747433,0.8123249299719888,0.9848771266540642
baseline_20260625_022759,baseline,UCIHAR,9,0.9043094672548354,0.2536382901462469,0.9058418527612973,0.9046036710055029,0.9058648750486687,0.9073870368215324,0.9808636059432135,0.9916671851850105,2947,6,4342,67.88,3420320,QmS4DCt1az88wBf8bcKAfiFA1w8qLvWschkgqNN7fkWWEr,QmdTZfj2aPBLcH2GNsejvHRpnPiGaiu3Adid1ssgkVknFQ,QmcWrb5AzZ37TVFJY14mm35Z5gwsSiSkfApep8jRaebhBc,QmbFNah2KUQAnysj4EA4x2vFtoPtYeQdunyUVddjy4EWg6,2026-06-25T03:12:52.501149,0.9720207253886011,0.9487179487179487,0.9395973154362416,0.7898989898989899,0.8037914691943128,0.9810246679316889
baseline_20260625_022759,baseline,UCIHAR,10,0.9077027485578555,0.24735093421917012,0.9090101166972105,0.9079317968591771,0.9092763255640826,0.9103250802636418,0.9815319589048436,0.9916277997730796,2947,6,4345,74.8,3420320,QmWBovBRqxWBgwfkD1LpxhNNHu9NT3MdiLj8aFzeFT5dTF,QmRQQ9TJxdNhm6gejL88zUap9Lo3f9nV5T9q6ZCTqXeGA1,QmUAqu9FURwBMt2oZV8oTjKq3z4jNmFh39yGUrfFoXTGNg,QmUA8S41xriX7qFA2Kf6WBwgsJLhAuhtHhgf8rioae27Ck,2026-06-25T03:17:51.420485,0.9720207253886011,0.9527896995708155,0.9395973154362416,0.7917525773195876,0.8130232558139535,0.9848771266540642
baseline_20260625_040736,baseline,UCIHAR,0,0.12758737699355277,1.8008221362499481,0.06881898295652789,0.07469524026739091,0.049167510253257156,0.11748236979786524,0.8223240237221835,0.31792161656828194,2947,6,4377,1782342470.79,3420320,QmPS1WdfLQqSk3wtF6KWwwn4NncTSBEGzYE9sK58yUYB3K,QmeXUsXKJDHKDQXbqMj2AYKYLDEMnPJvBCHnPRPXVzdViE,,,2026-06-25T04:07:50.786897,0.0,0.0,0.0,0.0,0.3215780035863718,0.09133589415279555
optimized_20260624_193237,optimized,UCIHAR,0,0.15982354937224297,1.7946711119185104,0.04629902683574167,0.04439804880821377,0.026883561643835614,0.16666666666666666,0.833370013120549,0.3756551762631211,2947,6,4089,1782311579.95,3420320,QmTQSuEzkeNxBBYk3yVt1QpJWp8KucJGmAKmruY9NkqtcE,QmV9gyuFL2SPJZGE4QUTfjHQiM5FscAx3NYpYxohM3wk8q,,,2026-06-24T19:32:59.954263,0.0,0.27779416101445004,0.0,0.0,0.0,0.0
optimized_20260624_193237,optimized,UCIHAR,1,0.7224295894129623,0.9068696720803038,0.7271046613124335,0.7287332627581047,0.8220510942092982,0.713162739504734,0.9438282582833707,0.9750512082386985,2947,6,4092,59.19,3420320,QmfJf4GzmKRPeSEST5sUSBZkkkLFzcs1hyD9g1wTdMp5u5,QmcoU591eN5SPjJ7MVZCfxnkX1L2Qf5iHhrUs1Muz89eeW,Qmcb6hVa3jD1uEHcWR64c9sfrZtF7PByAKmwQCiqvUgZMF,Qmb4jw5ifmLnjYBWvYPnPcn3rGBg57DaxawexDXC5d9bUG,2026-06-24T19:37:41.360091,0.7308584686774942,0.5709969788519638,0.7678832116788321,0.7593097184377838,0.5465425531914894,0.987037037037037
optimized_20260624_193237,optimized,UCIHAR,2,0.9158466236851035,0.3368775057507322,0.9179514281233107,0.9159053780489806,0.9185845119923742,0.917706492300014,0.9830547708112666,0.987935827710135,2947,6,4095,64.33,3420320,QmZLk94W9Lvifz1WmF4DsB7DpFhzKU1s6FD4Tn9xUovpzi,QmbeVFEV8847LMuZ6Zmi25bRnhDwibo5gUiJyMzxht5SdF,QmeiJxiAUqKdDBHfaMLAKktGpNw9STGoPdDyZ27UL9TkBZ,QmVXRx5C12Deqyzir8xexpM5thp2L4j96B3eGb1KHibPm4,2026-06-24T19:42:27.348844,0.9847715736040609,0.987152034261242,0.9704840613931524,0.7695516162669447,0.7985347985347986,0.9972144846796658
optimized_20260624_193237,optimized,UCIHAR,3,0.9087207329487614,0.2868059260493263,0.9107610355491964,0.9088153257370968,0.910690603076859,0.911567500138751,0.9816800879381296,0.9910356591027479,2947,6,4098,86.45,3420320,,,QmZWbEq9bex74zHfGqvc6XkdQb8rgxUdP4g1t59xj6wnzX,QmTQ7zZ77YEr6MP3FyVVdvVysrTNXYYecQtxvmwZFjfgTY,2026-06-24T19:47:41.924298,0.9691358024691358,0.9838187702265372,0.96,0.7670396744659207,0.7845719661335842,1.0
optimized_20260624_193237,optimized,UCIHAR,4,0.9144893111638955,0.2614713637752736,0.9163621234437308,0.9145366775099814,0.9163444998881992,0.9175678201877678,0.9828615965732198,0.9915507255033775,2947,6,4101,84.14,3420320,QmYrAi5QF9e2JPhgJWR3sEZNjL2MA7sfrPvPdv5MtWezH4,QmZaNvWHcj1vc3d9VUEFLEMJnLnYZF4uV2idbXbNrtrr6B,QmR7yEGR2HAAG75Rip1mBsFXMVcPfsPnv48h1E7SQhKuyX,QmVJNVf3A8QkKddKht9HNVDwsW9fBFKP4DBVHQVQAWe6a9,2026-06-24T19:52:53.937199,0.9700722394220846,0.9849785407725322,0.96,0.7893175074183977,0.7938044530493708,1.0
optimized_20260624_193237,optimized,UCIHAR,5,0.9158466236851035,0.2522552149726989,0.9174946464403345,0.9159661963604294,0.9173955904214983,0.9184419204500337,0.9831323135937867,0.9919156985269093,2947,6,4104,66.3,3420320,QmTzwcW2FN6H59vNJLvwp4fYoY5LEK8e9UDRMQy13aEG4e,QmYCj7cCgLv3AkctE2VFjvh3L8AG1ze4C62Dm8M7uLvUwC,QmeqNYDCnegQcgW1w1JcN4tLTqoXEHscsYVk1YwWgjdoXL,Qmb4t1t8A3nmXmygoLANjpqBYLwYQjfPQ6S6wZS7mHfroh,2026-06-24T19:57:45.584537,0.9690721649484536,0.9838536060279871,0.954337899543379,0.7927565392354124,0.8049476688867745,1.0
optimized_20260624_193237,optimized,UCIHAR,6,0.9117746861214795,0.2475628159107997,0.9134505102917118,0.9119493871470691,0.913484962026,0.9143320440102607,0.9823171158489031,0.9920103199800102,2947,6,4107,63.38,3420320,Qmbu2kbDydj7oTT7kXj5UFusrUgQgRGdH237dXPtCVVMdE,QmQkLN6jbgeiDAAr2sArbPCxfrv4jXhXQt7qaBzyUwrriw,QmQDNBDwrhnuJ2AuBp2y1DAkKyqCBgqELj4yAVuHxnGnrB,QmfTppEKoohjAzgKWoHdAc4LbSZ1RDBprn2ZiGcUx1bFvj,2026-06-24T20:02:31.592705,0.9670781893004116,0.9805194805194806,0.9498861047835991,0.7854984894259819,0.7977207977207977,1.0
optimized_20260624_193237,optimized,UCIHAR,7,0.9134713267729895,0.245053943246603,0.9150786278986635,0.9134947372335256,0.9147883789591708,0.9158738946171084,0.9826444419052036,0.9916888636617179,2947,6,4110,61.79,3420320,QmURzgrj6YofwyJ591282oQ7s6tMPvaWuqxwqCaSSurmjQ,QmckQrZSzxRnDZq7aXr9QtT3ttbHKb9UvoNXjwfLXANqrJ,QmQ89fdzMRuzAsteLTeopDCYGtGBKf5yDGZfbeYWEmQDHm,Qma5kAj5jhdMFzDDYHJMfscSY5Yrtecrg9WhVRGxdMsQX8,2026-06-24T20:07:17.190002,0.9703779366700716,0.9795479009687836,0.9551208285385501,0.7854251012145749,0.8,1.0
optimized_20260624_193237,optimized,UCIHAR,8,0.9155072955548015,0.2341092713177204,0.916844785674689,0.9156044994939756,0.9167933307674866,0.917868067763504,0.9830800702858838,0.9927078082212164,2947,6,4113,65.49,3420320,QmPQiczvRcJbaVDeU9VFo338ZWCbMmGKE2XvDthT9csiik,QmWF89NqhmFQhbYNGgdvxSH5efY2pg98QMDbdfqjWWbNjx,QmYzYvxktqA4JFuYysKctmz5aNiSdKqaXBBdAJXhCFTUV3,QmR7XU6iKygRCJ8QdAAg1EFAN3YWq23NT7JZYU9gKzctcg,2026-06-24T20:12:03.710211,0.970317297850563,0.974025974025974,0.9474885844748858,0.8003992015968064,0.808837656099904,1.0
optimized_20260624_193237,optimized,UCIHAR,9,0.9178825924669155,0.23070906962644547,0.9191808609921113,0.91793655875345,0.918984302448369,0.9199996509862228,0.983541312804121,0.9923274921468249,2947,6,4116,61.91,3420320,QmWm18ia6LT9omewh7QpA8cHpZ7DKu5hu8jfmb9dAeUUxn,QmeatbT9GhsQKZNudU9F1pU8TupwGM6JLJmWHw9CxfD81m,Qmb16bVZhjqU1TLEg7VpQjKEAaWqxYvYcuwc7JpDiJKr7N,QmZ5y8Um85xgD5MnN2LVR2afgw8CKdoGURau2U2BmGsz78,2026-06-24T20:16:51.755644,0.970317297850563,0.9773462783171522,0.9507445589919816,0.8008130081300813,0.8158640226628895,1.0
optimized_20260624_193237,optimized,UCIHAR,10,0.9243298269426535,0.22668117730620693,0.9257093015671837,0.92433472925044,0.9258687808492341,0.9267390425388182,0.984842930677018,0.9924387684527103,2947,6,4119,85.66,3420320,QmTLKs2rTPeL5emhYm32TSD4dHvkskAn9JUPAUi2c5bszv,QmPXvZSHprbc6m4hZEDbtpWHEZa7q2XdwNgcqnzbyJh6q5,QmNMgNuEqEqHkE48ycrYesrtV41BMjVGes1q4ZY6WuqWuh,QmX8qPppeoQcadFPZY6J8axKk4o6XEGcLfpAnLE2MSzjBP,2026-06-24T20:21:58.249342,0.9766497461928934,0.9773462783171522,0.9595375722543352,0.8196078431372549,0.8211143695014663,1.0
optimized_20260624_211311,optimized,UCIHAR,0,0.1496437054631829,1.7896962850651843,0.08466852761104042,0.07395674266796477,0.05640706239168111,0.17074613284804366,0.8325012855239876,0.7090074632600816,2947,6,4151,1782317603.1,3420320,QmRvRZMcYG8XKpj7hQ4PTR8xs2W2WyrK73q3fyWp9nRKM1,QmZteyGYjfnfgfkbJL4fXcnattbEUfDcgj6FEDhjZzadTB,,,2026-06-24T21:13:23.102514,0.0,0.08991825613079019,0.4180929095354523,0.0,0.0,0.0
optimized_20260624_211311,optimized,UCIHAR,1,0.7600950118764845,0.9786818192360249,0.7527909693441369,0.7557268621575888,0.8161550613521169,0.7490434353973994,0.9514530424328939,0.9795185473107438,2947,6,4154,63.86,3420320,QmcDeZjkZwfuLV1zQnjBJvtpru4U6EJysJPvTrMQRkNeZm,QmcYkfvLvMARJxctpZnBjhmudHyQAQWK5GCwjAWu8Uv1dC,QmcZJ5DCnRkpF2NBiDcBWjNDeVURPL3vi49oaLMLoXt63K,QmanK52qN4SATBr4B3RCfD5we7gLWQjGp7qU3Yba8tbmzk,2026-06-24T21:18:10.855456,0.8434959349593496,0.9084821428571429,0.6792452830188679,0.4547738693467337,0.6861979166666666,0.9445506692160612
optimized_20260624_211311,optimized,UCIHAR,2,0.8975229046487954,0.3812134058234539,0.8983820285929652,0.8970646046221368,0.9024201333932128,0.8985141923053929,0.9793967958194991,0.989041295990824,2947,6,4157,78.2,3420320,QmVGjmBxGCGYAXKTQzDs5PsH979NJB3urpgtf86SKKQjrA,QmdaNNujtWWPXrqaQ5Gr4qmGyfQbtZu9e2fkrWKLNm3Q7E,QmWb9E1oE4j1Z6cqUQiFvX4qWvg1Zp45Ha7n23GXGUt8hj,Qmb6gjcQKn2TLwWNyZgEojP3TR8kjHCH1ihmSqJd1ZH24z,2026-06-24T21:23:13.759112,0.9591002044989775,0.9351464435146444,0.9528301886792453,0.745575221238938,0.8234280792420328,0.9742120343839542
optimized_20260624_211311,optimized,UCIHAR,3,0.9039701391245334,0.3157393084244525,0.905243886483419,0.9037728203225089,0.9055440542054911,0.905719851306511,0.9807217696035271,0.9914506772965139,2947,6,4160,62.98,3420320,QmRbSEWJ2fsYtKAuru8fU5HvX5UM419HJfEwTjYCCWsEr4,QmVeedE8JmtZeKaWix4cFoKrZLbxYzqfLbUDLbkLa7BbhD,QmTCYM9KBZtZTApBbGvQ5ZXat1AWmpbmA4irC4LhgNkuMf,QmYksewK9nu7T5fLqdh9GU7ftkppZFSp7DTQDKXTzMiB73,2026-06-24T21:28:06.525602,0.9665354330708661,0.9320594479830149,0.9563164108618654,0.7861635220125787,0.8161764705882353,0.9742120343839542
optimized_20260624_211311,optimized,UCIHAR,4,0.9083814048184594,0.28137236128145077,0.9100394338214871,0.9082634927822256,0.9099470767624296,0.910518434428389,0.9815967714294374,0.9923280343037643,2947,6,4163,65.7,3420320,Qmd1u1vk7qp6cEzHvqGHCEJPBt7ThAh6YHNZkLLD4CZYxf,QmPNrNXQsvyKiUZWgELCJW6Y8yMZgRDAW2jE4DyVVQi94h,QmRUy6p8uVP4yvqNGjjWn34A8htaHw8UeWPhajQVe8JV6Y,Qmf5oxcWPvCtNZtJriU2p48njoW5j6f1HHS9k5qm1UbnGC,2026-06-24T21:32:55.097086,0.9758551307847082,0.9591623036649215,0.961038961038961,0.7762747138397502,0.8059149722735675,0.9819905213270143
optimized_20260624_211311,optimized,UCIHAR,5,0.9110960298608755,0.2614838227312616,0.912934861951535,0.9111447140171652,0.9123863270880267,0.9138630726829141,0.9821684601042594,0.9925517283088467,2947,6,4166,69.37,3420320,QmU5RN2FkrbSQcFwoLMwojP8YgFzKauxMULLQ5Lp4iH19o,QmbXrtJRRc7FVgS6R4GLAdTTNhNu3qGtTTnACDrHdLuTBG,QmQoLAheZ3Txvud3vVcc4qoE6DpsWrWhqYaGrybKTJrVko,QmUKWYZktrbJCN13KDrRtSyNDrMThKhsxywrnAg8HE31W6,2026-06-24T21:37:51.229448,0.9765545361875637,0.9643605870020965,0.9604651162790697,0.7878172588832487,0.8064211520302171,0.9819905213270143
optimized_20260624_211311,optimized,UCIHAR,6,0.9121140142517815,0.2514246214736015,0.9139755336246509,0.9121345751825168,0.9133311328128167,0.9151833221118686,0.9823820322536737,0.9926278557913678,2947,6,4169,65.11,3420320,QmXoP9Ao2MqPvNtAqEjBVg2J4c3Mc9Kv5EqFmSt3QNJbAs,QmbCWohJ4Tz6RrCrYxc1uXuCT2aMaEMvvWPMiet8mmrV8F,QmWN1iqbafrQ6Xrw6DYMgSs41RquuF2M917h6cWfxRv6rg,QmY1sPDsWVKW9DSACMvFCQeKMSzZnKVZ5m4DZweZcPDydY,2026-06-24T21:42:47.446863,0.9805924412665986,0.9621848739495799,0.9630484988452656,0.7903225806451613,0.8057142857142857,0.9819905213270143
optimized_20260624_223718,optimized,UCIHAR,0,0.25958601968103157,1.785086307119816,0.12753719298642138,0.12943042998590892,0.08535815376293443,0.2579143389199255,0.851250399408317,0.6500264552765335,2947,6,4187,1782322648.67,3420320,QmYFwDHfwy6AnsXtPoHt3k78VoCHywyBW8jSKDMBJJ2WWv,QmaHKX1S7j3Tsd8EhJBL2WfheZCWBmqRKR9Y9aJyZTr5rR,,,2026-06-24T22:37:28.665431,0.0,0.4468690702087287,0.0,0.0,0.0,0.31835408770979967
optimized_20260624_223718,optimized,UCIHAR,1,0.7390566677977605,0.8605113815754017,0.7437720519149046,0.7461583612343514,0.8325718941430051,0.7313516426862616,0.9475218576720897,0.9752100796066457,2947,6,4190,65.42,3420320,QmQkPZ5gs5D242XcT7JnQqGu9PzkrezdQTh6kVB5Ytih3L,QmevM6QZJ2AnbdtS8FqjwXFvVTzWmiNX6RhdEYiLrbySfQ,QmW3qBD1bDQJQREgTm3xqqU2J56DggeNi83KHjce1cXBcu,QmTtXnLY6Gzk2UwgeTU24eCivq6T4j7W5p4vjAyPHcsZo6,2026-06-24T22:42:14.988222,0.7157360406091371,0.6251808972503617,0.8301369863013699,0.5680647534952171,0.7281475541299118,0.995366079703429
optimized_20260624_235552,optimized,UCIHAR,0,0.166610111978283,1.79876649633367,0.047605196819856505,0.04758904303742696,0.0277683519963805,0.16666666666666666,0.8333333333333334,0.4830528452039593,2947,6,4222,1782327366.74,3420320,QmTMXCs3XdcbSUgAEGadQesooh8mYD6PoxyLjq77tn7rUX,QmNUvTWzkoq9MdG736zotCGd7FzPkTSYRvHQ9ChswrkDju,,,2026-06-24T23:56:06.736119,0.0,0.0,0.0,0.285631180919139,0.0,0.0
optimized_20260624_235552,optimized,UCIHAR,1,0.8174414658975229,0.7993992725585369,0.8143179051029064,0.8176972011373993,0.8499939662150965,0.8075713719946589,0.9631634461587416,0.9812538958390956,2947,6,4225,103.08,3420320,,,Qmb8Dy8LyRLsUen3UzLTvizwwM3F6mMAZco5Ud2HKi1eHp,QmTRMZeAE86ffLhJo1F3qeDkP9TVsVfLRonfvnEzJfKKQN,2026-06-25T00:01:49.886445,0.8155339805825242,0.9036697247706422,0.7311178247734139,0.6866597724922441,0.7544816835541699,0.9944444444444445
optimized_20260624_235552,optimized,UCIHAR,2,0.9134713267729895,0.32879168698762323,0.9139010951825458,0.9124804598331788,0.918936343983583,0.9140777032474032,0.982563542703502,0.9912359413953943,2947,6,4228,79.77,3420320,QmTXukRPpLdgdtSMsXrBErbEPGceGVKG1ExQ79j1zzHt43,QmYggNvJVEpUZ4hF6i1RwYpWbF7Bjzfe4Rkqv5hHYZsaK3,Qmcm6gKfoxbek2nsnFNXMLq3GHwPmaNjUQ4H8GFt8sejhu,QmRn3qtF8Wg1yJ42Z4HVvcnGumgX5S3i6j2Nz6wQ9tx7NY,2026-06-25T00:07:05.693979,0.9596774193548387,0.9614961496149615,0.9697674418604652,0.7623318385650224,0.8347676419965576,0.995366079703429
optimized_20260624_235552,optimized,UCIHAR,3,0.9199185612487275,0.2616224508494773,0.9211357249987436,0.9196557691978103,0.9219079962711249,0.9213744590617693,0.9838974658981262,0.9925726668794231,2947,6,4231,69.69,3420320,QmNpENb1KgcisVCQ7K9znTgPFU73FHMFq1kEuv6bSoKUwE,QmX9Sn8GJPhoPYWhQg17b2fhnc3zBaPBMDo6yzBuXWxk8R,QmYLbjgxUeLW49jvMcVv7ahqBDMu8aUvkaeyxQdS8jqBVK,QmdRGz8Lr3PSH8AnHGhHtL6wAWxg6GSBLrwwq3F2RkJYvf,2026-06-25T00:12:13.411891,0.9708542713567839,0.9661941112322792,0.9697674418604652,0.7932489451476793,0.8295350957155879,0.9972144846796658
optimized_20260624_235552,optimized,UCIHAR,4,0.9131319986426875,0.26242914470903417,0.9140619019686206,0.9127941426198593,0.9150870326174761,0.9146791555392498,0.9825564552495806,0.9929010768309685,2947,6,4234,68.08,3420320,QmZD2K1GHcLgA1NQ6UmUMT3XzkgjTqT4Ahtu9rWKaf3jdx,QmTF1T4icSakjkDCLMs7pq8yxWzK9DHnJe8TbyHJTy325o,QmWSFJHLnmqXg9nccExebDa9BAnrCBfqmfv8TNtAhioLSd,QmX6dvFnvL5kbYgQe1MEm54DmL81bNiquwAryo3T9PoAMh,2026-06-25T00:17:33.116867,0.9615384615384616,0.960352422907489,0.9577142857142857,0.7851851851851852,0.825136612021858,0.9944444444444445
optimized_20260624_235552,optimized,UCIHAR,5,0.9202578893790295,0.25444633105492337,0.9210394713827695,0.9199652217399126,0.9217787272927264,0.9217677768892306,0.983998702154159,0.9927053079389564,2947,6,4237,67.19,3420320,QmUJryLATrVhsFeBDVLrwsibRuy82LEckBEtpu3n9WkGRK,QmaUmCNKxKrpfQpNwBdv3cqysTeaxiAweqESjSMKU2nNHB,QmXmZp4iG1ayGowoiHNAyrFVTPopXdfYDPJBC3sMfTmoYG,QmbmGFPhNTBrq1YoXn5kTK88aXA1CQxoESGguN7ohtSXD1,2026-06-25T00:22:37.261786,0.9646107178968655,0.9614961496149615,0.9578107183580388,0.8084210526315789,0.8385321100917431,0.995366079703429
optimized_20260624_235552,optimized,UCIHAR,6,0.9093993892093655,0.24785201033537693,0.9102533394073382,0.9093104020809438,0.9109629289641177,0.9113606060376934,0.9818548919720405,0.9928992807400063,2947,6,4240,65.05,3420320,QmVCrwixX4BAwS16pGTAC3z2nnsshH9HgJFrg3PjEcVDiP,QmbSdyJzVaReC12kcjt73JtFExYWB8PJksd9BjcPdti21A,QmbB97u7vyApd3fDUXuYwEhEx3LWAwTKpnQE7vsr9oa66k,QmcmtfBnpqG8x4LXnKCWfCoJ5693DmYNurbmqRVe7CRUbV,2026-06-25T00:27:33.488175,0.9610655737704918,0.9580573951434879,0.9406494960806271,0.7896373056994819,0.8167441860465117,0.995366079703429
optimized_20260624_235552,optimized,UCIHAR,7,0.9117746861214795,0.24287959315041277,0.9126882755791502,0.9117315392688672,0.9131583829751801,0.9138345060330665,0.9823364746211101,0.993168968179123,2947,6,4243,63.72,3420320,QmVVXEofepcCj5RqgeLzNn3h6yjDLdMVGFK2TtY2v2StHs,QmcEChSM1bqFHgPxZGiwYyNV9vvF6JcaZccXs96TQwRUBg,QmSLGeXoaHExeHUfEqnuysEQp3k8bEFu3jBZrPH7eBPdM4,QmUbhAdD8GXtzaUDph4waxXCezoe5uep5Q73X9wqzMMwps,2026-06-25T00:32:31.372110,0.9631901840490797,0.9580573951434879,0.9427609427609428,0.7975460122699386,0.8192090395480226,0.995366079703429
optimized_20260624_235552,optimized,UCIHAR,8,0.9209365456396336,0.24324807148188987,0.9214118374409707,0.9207834404576187,0.9227141367222789,0.9223019091624584,0.984161475109239,0.9925104754807151,2947,6,4246,85.01,3420320,,,QmVUFxqsDZpCdPyUuQXQgb58dL1k3DT6mAcUg3iEpQQXYE,QmaRcbcpxsF5MTvukBrRgpMPR72bd5NnUpB6y37KLFiDaE,2026-06-25T00:37:41.139955,0.9641025641025641,0.9626373626373627,0.9438202247191011,0.815677966101695,0.845943482224248,0.9962894248608535
optimized_20260624_235552,optimized,UCIHAR,9,0.9148286392941974,0.23857767816553724,0.9153668590269838,0.9148189594201867,0.9163364815561709,0.9165130169142758,0.9829619993967147,0.9932293996412275,2947,6,4249,69.73,3420320,QmRErySPFWW1RDqcxKnyBbnhy12NvkSVvWAaSuoUvETA3q,QmWJLnqwnWQJaq39Czk8C6sLdwiDQ5R2sShBA9mqgAL6FY,QmfXpr8M3hYw8xpi3VwsUmkpSaYZnaYdxLzRCk88JqHyum,QmbRnFkuXRfJ4gg3Kj2snYZyUXKDU9pLaePSizAdDroAU8,2026-06-25T00:42:32.877937,0.9630390143737166,0.9545957918050941,0.9354120267260579,0.8095238095238095,0.8342644320297952,0.995366079703429
optimized_20260624_235552,optimized,UCIHAR,10,0.9185612487275195,0.23458996603384297,0.9191175304759507,0.918470222524463,0.9199717933789774,0.9201358412662252,0.9836957401301262,0.9932491508630902,2947,6,4252,61.57,3420320,QmPF4UqWEUVCCJBUQz47NVpSLetwHKRgpdw4tAhCNyS1Td,QmYSjwMaeV1N7hKFvfEhxHvU9oBmiVM7E6YofQ8APrM6Eh,QmUE7ZKATWpmweM9PdEvrNqQu7Pd3MfqDuEVsyXScpnCd9,QmcVX5DxphJZywAG9dfokbqLxEmp2ffNLZRe2zLamHeLhE,2026-06-25T00:47:17.761597,0.9620512820512821,0.960352422907489,0.9417040358744395,0.81419624217119,0.8410351201478743,0.995366079703429
optimized_20260625_013826,optimized,UCIHAR,0,0.0016966406515100101,1.796710191889012,0.0008325008325008325,0.0009017111154878376,0.0005668934240362812,0.0015664160401002505,0.7984605936817103,0.3736313777427638,2947,6,4284,1782333515.66,3420320,QmWbh2emAZLTpEsV8ugifyC25F4RyY5tdceNxwSaVa1N9j,QmRkBfH7pEtXnQ1St25QJ2HXdmeYPpwoTXeRaTWqeu36Cr,,,2026-06-25T01:38:35.657835,0.0,0.0,0.0,0.0,0.004995004995004995,0.0
optimized_20260625_013826,optimized,UCIHAR,1,0.6620291822192059,0.9723979145922559,0.6606304741580651,0.670144430301972,0.7762873579909261,0.6458415052824733,0.9321238285243463,0.9704303803509426,2947,6,4287,58.7,3420320,QmUv9u2ni9spnFhBLF4LCE8pgPu5JXLKrArSBMWRxq9WqV,QmV9ifXxQZzW2SZ9NcffEASvT9jcDf29HVUMds6UQE3YJp,QmVjMXLP7DsiFRV5b7qXp6DwBgToMiEn7QS6r5zVSSMJRn,QmPt1pG7MNufnzUWwu1YMoYzEek8XmsXF81ZQbBccHGRbb,2026-06-25T01:43:18.654622,0.6815203145478375,0.6151898734177215,0.5331010452961672,0.41022001419446413,0.769588828549263,0.9541627689429373
optimized_20260625_013826,optimized,UCIHAR,2,0.9029521547336274,0.3585681973144095,0.9039606436149152,0.9036165318230824,0.9051544679911134,0.9038907773910619,0.9805671197276925,0.9863790891253291,2947,6,4290,85.82,3420320,,,QmQEKx4RZDzgWayDR2bTFkvSaFTLVxXGXyzwesThDn4Pzm,QmRAYP7qkjuNyU6g4Shfx9RhPfCPPb6Dn9X6rxgEMBSmSH,2026-06-25T01:48:30.033180,0.9710743801652892,0.9367631296891747,0.9205983889528193,0.7846790890269151,0.8315217391304348,0.9791271347248577
optimized_20260625_013826,optimized,UCIHAR,3,0.9117746861214795,0.2839463824762943,0.9126712864571518,0.9118924595750351,0.9135858610071415,0.9132610616894682,0.9823216059143483,0.9913374047996877,2947,6,4293,62.28,3420320,QmaHrc5Yq3Cdr6WMHXLAofUL3Cd9jwMa6btdj1e3dvKeLU,QmUh9TWFfRtkYWJYjKb3KShsSBpm41HpqK3yR1NtidiGv2,QmedAzGbvpCajt4xWfggSnMeonTWo5P7x72v25NrDH34tB,Qmbt4QM1kYV8pbsb6TXS9NGkhLcR3E9DxnccatEDz2VDjW,2026-06-25T01:53:13.694625,0.9720207253886011,0.967391304347826,0.9354473386183465,0.7828810020876826,0.8238532110091743,0.9944341372912802
optimized_20260625_013826,optimized,UCIHAR,4,0.9060061079063454,0.2802474604166569,0.9069462749772882,0.9062459229547212,0.9080083421051063,0.9080044938952665,0.9811974193157383,0.9913898391784235,2947,6,4296,85.88,3420320,QmS5ChRXWXuSuWNd5gcyAxrGYkQGXFqLMKmJ1C4PfhUG1q,QmYxVSzYn4tdxkjM7ALapckyRYExZkKJBujpbMcTumJRTp,QmefEfuevf5F3TL3da7dvVfQULr8RNxzBcsnPLdwF9sSj9,QmU1gJfGT4t3GrERbanqwrgQGKzR2NdupMBqjnx6Gmg9eV,2026-06-25T01:58:26.306050,0.9688149688149689,0.9604395604395605,0.9266666666666666,0.7802874743326489,0.8101028999064547,0.995366079703429
optimized_20260625_013826,optimized,UCIHAR,5,0.9117746861214795,0.2687140762647416,0.9120791673489914,0.9116752437625446,0.9140119865533652,0.9132118670631519,0.9823459949852772,0.9910504989455865,2947,6,4299,62.41,3420320,QmVYewcKbe3NoVp1amhpgG9gmgxbUV9MvpSsS8cLnH5xW2,QmVckL2wZhbPnjrn6J7oDsNkVZw58bUhRuJ7oDXrE4HrfJ,QmPgWiyiY4EdzVwE6qgGh8vGujce5c5TaUmhzeZgSuqVJ7,QmYCjhGsCZ818j8Yg3GLYbgAa3LYykQBK1nh1vd32dzFmF,2026-06-25T02:03:09.647692,0.970954356846473,0.9548954895489549,0.9280177187153932,0.792332268370607,0.8309090909090909,0.995366079703429
optimized_20260625_013826,optimized,UCIHAR,6,0.9073634204275535,0.2491142649520585,0.9082219953762883,0.9074336728240038,0.908802174186964,0.9095140242280078,0.981470409890278,0.992348886846823,2947,6,4302,62.58,3420320,QmXKiaMfLYZWUhwKijAYYH5S9MWR3p9kek2zyYCXMoBDxL,QmVaXWnJbXrbBGtVGtt6dRGXTokjo5TgDf9USxZmHpT9cj,QmSHWND5QLVt5XdnQpMbf1sC8mqEtW7XGU1NYueiPBz3dd,QmUuzSDuFNfjLU7u2NwTUa9py5Raft93Nacy6Aaed9pMBg,2026-06-25T02:07:53.502555,0.9710144927536232,0.9572836801752465,0.9309576837416481,0.7852760736196319,0.809433962264151,0.995366079703429
optimized_20260625_013826,optimized,UCIHAR,7,0.9107567017305734,0.25496820618022,0.9115031771223965,0.9108168162970631,0.9121738104624663,0.912782718706907,0.9821514627156733,0.9911558307699139,2947,6,4305,84.66,3420320,,,QmSfr5RiaFtTLAiLuSiabvL6CwRLvDkiTt25mymDBrXNBp,QmS7xebQwbKaMEGk3B2ZuPy7jwavxNUMxd673hBgHmHsnf,2026-06-25T02:13:00.393906,0.9720207253886011,0.9572836801752465,0.932146829810901,0.7934224049331963,0.8187793427230047,0.995366079703429
optimized_20260625_013826,optimized,UCIHAR,8,0.9087207329487614,0.24540218984351514,0.9093297267263721,0.9087226837046595,0.9102666962895593,0.9106243373279012,0.9817429655884903,0.9921266663750995,2947,6,4308,72.21,3420320,QmZ92UctT5sfrZKteCpFQWQzPC2JsifHycKPTkhao5WWQM,QmaeEgUmJRvo2SBr3oHN5FXosCMRK8GDFYSQ52mWm4FywW,Qmbdcxurx5BghkL7AysfTPxHsPwGxqkgzunQTidwY7QbUS,QmTZk83yR2g9GuEq7doFBztcgf35cfvtsiS54nSoVyM8Cr,2026-06-25T02:17:55.116744,0.9710144927536232,0.9538461538461539,0.9290465631929047,0.7892004153686397,0.8175046554934823,0.995366079703429
optimized_20260625_013826,optimized,UCIHAR,9,0.9134713267729895,0.24782816388030002,0.9140324687263642,0.9134876801294278,0.9148859594895882,0.9152354777619309,0.9826936642949278,0.9915734898129657,2947,6,4311,64.47,3420320,QmTzr3Ay3gJ68UhiyDMXmYR1PVtRLjN3UemnW1n8M7AQ9Q,QmURZY2TTMVToM2AawLjx9UNqfsyPexqDPpP5q7Gkja3dE,Qmcd3PvrbXAhpCVvBtWE38hymraRGChXa8m5ghv7GbqYQm,QmPKGsxnudx346A5ET3YkWmRnERA3UpXXPsnTbeEPMpWHJ,2026-06-25T02:22:44.375419,0.9742002063983488,0.9548954895489549,0.932146829810901,0.8,0.8275862068965517,0.995366079703429
optimized_20260625_013826,optimized,UCIHAR,10,0.9080420766881574,0.24794509741378593,0.9088175219662363,0.9080660551660571,0.9093613210104832,0.9102442037775793,0.9816120430185779,0.9915222547579252,2947,6,4314,67.78,3420320,QmPFFrmqjXk2GpiGnsSNPuRLr2wcMd84WtcPdRLZAMA8fN,QmRh6NRfgY2Bqs793ruc39DGrH1LnebKkjXtD4XqQGzqmi,QmTzmQbao4PQ4nA6dBppXYaSq6YsmcWr64T6gbJd6yCBUF,Qma8uj3X9qKChzmAmZDJfHAskjxDhs5KU5A8HuHpk6czHz,2026-06-25T02:27:35.345032,0.9720785935884177,0.9539473684210527,0.9311111111111111,0.789795918367347,0.8106060606060606,0.995366079703429
optimized_20260625_031814,optimized,UCIHAR,0,0.13810654903291483,1.796870675492794,0.07596204232623054,0.0746389318045316,0.18064452128564143,0.15502349915757738,0.8319922141570618,0.5488955848471767,2947,6,4346,1782339528.87,3420320,,,,,2026-06-25T03:18:48.872848,0.0,0.0,0.21186981493299298,0.0,0.0,0.24390243902439024
optimized_20260625_031814,optimized,UCIHAR,1,0.7305734645402104,0.9017806541412434,0.7332023362599789,0.734936048429095,0.7985232390478241,0.7228135959946277,0.9456670911915883,0.9762732422777685,2947,6,4349,61.35,3420320,QmVzf2JfKUGrLksa3ugbPqr99pNX5gZnR9NfP34dyRNnzu,QmYxjDSmb5WmB8TEf5xxu6Y7gzHqJqo15sz926uPDvvyXN,QmSG65XWBjHg8JGWJbrsHFe7ucw3VSAnGDrPxMdHECW96s,QmQDNgYN3jhmNNovGwXQoT7Y7KwDvXiK9NFqwkwE67K2xa,2026-06-25T03:23:35.292424,0.6321381142098274,0.76,0.7403156384505022,0.666069829901522,0.6375176304654443,0.9631728045325779
optimized_20260625_031814,optimized,UCIHAR,2,0.9029521547336274,0.37707625559352814,0.9036117101268678,0.9031253476359181,0.9042752972669561,0.9042497405453154,0.9805741391976354,0.990024729534845,2947,6,4352,65.67,3420320,QmeHVAje9tGcG3hBY5JwfTch5izvGjV81mKKCZs9ajszyH,QmP7eeEdG58pXpvaErJFcytW5nK9tBZ8PWoR592HRXnnww,QmXtLUKQtXY8YQBkukLFxmh54RuSL7TmusfV53rNu1Rmyh,QmRmcpB4DxE44W5wpDUwc8kYCU8iro2p6vYwbYRgrRBVTC,2026-06-25T03:28:22.227023,0.9545454545454546,0.9563318777292577,0.920814479638009,0.7793814432989691,0.8170844939647168,0.9935125115848007
optimized_20260625_031814,optimized,UCIHAR,3,0.9093993892093655,0.30399679388613143,0.9099418209826994,0.9093735615137897,0.9110056036020034,0.91076107447659,0.981856999488643,0.9912012877953295,2947,6,4355,63.44,3420320,QmQSGR99ER5P1vrLfCTNT8VpyhoxSpV2J2bojSq2JnRLqF,QmeB12XazDVpjwzJcpn77xjA9HNsrFVUbddYjeu4C8TN11,QmdqcA9KYuN2PYmMhLMisCFiksKhoHBwuxE4iUM4XgSJMf,QmSjeMUu5ghgX7J7CcaMishp6CK5NdmEnU6fHnD2Vu1Lye,2026-06-25T03:33:10.276272,0.96794208893485,0.9606986899563319,0.9291338582677166,0.7823343848580442,0.8241758241758241,0.995366079703429
optimized_20260625_031814,optimized,UCIHAR,4,0.9165252799457075,0.27332202325317456,0.9171765620881941,0.9163327593345479,0.9177647724698551,0.9182690468369726,0.9832789646859217,0.9913533997624225,2947,6,4358,65.45,3420320,QmV6RFM5fyGSMTzUjiDu3xJ8muM3zoTsmcux1nZNXGGCBx,QmRimajdPjS6btTD2Ae6izArcitoSJ6qr5MEvkEZDbtRSr,QmW4QU4fkBetSpgo4A3c35Rpwv9aJ6ZjXbuHCfA27hSTZw,QmXwdP5cS99vLNqe65KRck3hEL4sAC1bamf6QMVywHfs8P,2026-06-25T03:38:03.553996,0.9701338825952626,0.9618320610687023,0.9448818897637795,0.7987421383647799,0.8321033210332104,0.995366079703429
optimized_20260625_031814,optimized,UCIHAR,5,0.9134713267729895,0.2634676708740757,0.914315047073606,0.9134593849032113,0.9146380288682731,0.915522916405667,0.9826831700017339,0.9922282806645347,2947,6,4361,61.12,3420320,QmUtkxrMgcBDDnZ4NfP6uFewR3hxkHgEdVLkv8Jt1VgRhm,QmfDHfL8WQm3GpgeskW2955JESFj4TAgVqiFvSrDysi6Jk,QmU63FM4PqhdEXEJ4AWFj7ztd2iGWeddBf3VfhEbykg1w1,QmcRiADfK9YAbgWyTRgxu8cBLpNgBsLpDviypEE16PQ4zG,2026-06-25T03:42:49.973359,0.9731404958677686,0.9618320610687023,0.9394618834080718,0.7946611909650924,0.8214285714285714,0.995366079703429
optimized_20260625_031814,optimized,UCIHAR,6,0.9148286392941974,0.25026812192369646,0.9158286691961662,0.9146305551297681,0.9157151581027104,0.9170021103709107,0.982933376134349,0.9923177916077427,2947,6,4364,87.34,3420320,,,QmPbH5VVeru17j7va9sHMrMFtQUSr5ZP1FMToAzniu4QWL,QmZ4EcRbhQVyTGriu9GAyVqNJutFChYcK11ZW4cdjhy2Tu,2026-06-25T03:47:59.124107,0.9754098360655737,0.9630434782608696,0.9513023782559457,0.7921810699588477,0.8176691729323309,0.995366079703429
optimized_20260625_031814,optimized,UCIHAR,7,0.9155072955548015,0.2529156564715061,0.9158998764221932,0.9152307407384368,0.9170860277130829,0.9170554178430046,0.9830781408134702,0.9924474128437734,2947,6,4367,64.38,3420320,QmVwEEx2oKSpquxm4HoTZT1MooWfQa3JEAvXFLsgyEfhYG,QmVitSWX3K5ZsxMz9CBLWcZi6T1QQKTKb42wzHnnqQc9X9,QmdaThtC2L1U4Y46crFxgt74ACNqrc9woF55FAfT1D92yi,QmSd8fgKeNxozugBqY45n5VeN3Hgv5u4cGMgmKHee1Tnrq,2026-06-25T03:52:45.645835,0.9732510288065843,0.9572836801752465,0.9395973154362416,0.7970244420828906,0.8328767123287671,0.995366079703429
optimized_20260625_031814,optimized,UCIHAR,8,0.9192399049881235,0.23975031224495552,0.9196179506858831,0.9189130340364405,0.9206815386075776,0.9207161486760588,0.9838197744922987,0.9925841774241829,2947,6,4370,76.38,3420320,QmejcvRuDCnLp5QYDuTwhJTtbFBKnstsNmHc3tPvcZfkpx,QmYwKDTqxnDQQHhDhsdvxEjRC6MTgSMbmsJvdsNw13t42r,QmfQxSZCUu8zQq5t2A3AvaWo6jN2LHB2pxpgpunqwvp1ki,QmexrJBkZagRRPN2LL6vyrdSBrwW4zgnurfdHu6HisETRf,2026-06-25T03:57:40.178169,0.9732510288065843,0.9597388465723613,0.9448818897637795,0.8038379530916845,0.8397085610200364,0.9962894248608535
optimized_20260625_031814,optimized,UCIHAR,9,0.9233118425517476,0.2391575899252549,0.92394233185931,0.9231138037093505,0.9241538272778792,0.9249327418309782,0.9846360643774342,0.9916872739422452,2947,6,4373,63.73,3420320,QmXhLhwDcDQ4AZ7Jb2N6qbq8cnKX8MVuDdGrKGJru7sW4R,QmTNrxtGX3iCuVgbYyvuS5itPUNFPCQan77GXQXN1aAEKz,QmU8iK5aQJSARWAD1JfdHBZS1jN5UQZVQ24kCgApWwXw3J,QmZQn1xweevEwBKEiAv67STZY5RW5CvVNzZwdtCHGb7Fj9,2026-06-25T04:02:27.414109,0.9754601226993865,0.9607843137254902,0.9523809523809523,0.8145833333333333,0.8441558441558441,0.9962894248608535
optimized_20260625_031814,optimized,UCIHAR,10,0.9161859518154055,0.23270292237321746,0.9168886713767437,0.9160160291624033,0.9170969201280866,0.9181058806434518,0.983218242041524,0.9924957061030245,2947,6,4376,62.41,3420320,QmQCnpbS2tyURa6Y1hjKj25xpVTTA9YLArbWYKwSs8Gssf,QmXwRn8iZda8JgWuFkbJ3zpRr4mzjNxa43Uyr3sXQEEm7e,QmYWaKvACf34goLDLqvNfapQXLjRWPxUWm8TN9Pr4g8L53,QmYw9CStbNmB7GtoN8o5obmqzizYvQzeZdiKUhkt6cTucL,2026-06-25T04:07:13.095951,0.9732510288065843,0.9597388465723613,0.9448818897637795,0.7995846313603323,0.8275862068965517,0.9962894248608535
