session_id,variant,dataset,round,client_id,train_loss,num_examples,training_time_s,active_classes,cpu_percent,ram_used_mb,cpu_temp_c
baseline_20260624_184127,baseline,UCIHAR,1,0,0.04556150396207446,1254,173.0,6,91.4,1010.6,53.6
baseline_20260624_184127,baseline,UCIHAR,1,1,0.051893212273716925,684,35.85,6,85.7,1009.6,62.8
baseline_20260624_184127,baseline,UCIHAR,1,2,0.032876656483858825,666,35.87,6,86.2,1013.1,65.2
baseline_20260624_184127,baseline,UCIHAR,1,3,0.04876037589697675,738,42.43,6,76.3,959.6,62.3
baseline_20260624_184127,baseline,UCIHAR,1,4,0.044174794839429,936,49.89,6,88.5,1003.4,66.2
baseline_20260624_184127,baseline,UCIHAR,1,5,0.02759173550293781,1038,59.29,6,82.6,937.8,68.2
baseline_20260624_184127,baseline,UCIHAR,1,6,0.024723589742699496,864,48.26,6,83.5,962.0,65.7
baseline_20260624_184127,baseline,UCIHAR,1,7,0.02965815895451949,894,48.01,6,88.2,960.3,65.2
baseline_20260624_184127,baseline,UCIHAR,2,0,0.045007527462745965,1254,171.67,6,94.1,1011.4,55.0
baseline_20260624_184127,baseline,UCIHAR,2,1,0.0385672359727323,684,35.54,6,90.2,1011.3,66.2
baseline_20260624_184127,baseline,UCIHAR,2,2,0.03716867752373219,666,35.55,6,90.3,1018.1,67.2
baseline_20260624_184127,baseline,UCIHAR,2,3,0.03684654882685705,738,41.01,6,89.4,957.4,63.8
baseline_20260624_184127,baseline,UCIHAR,2,4,0.04962882326383676,936,49.61,6,91.7,999.2,69.6
baseline_20260624_184127,baseline,UCIHAR,2,5,0.0464204181189416,1038,59.11,6,92.0,960.4,69.1
baseline_20260624_184127,baseline,UCIHAR,2,6,0.036248104503521554,864,48.12,6,91.1,965.9,66.2
baseline_20260624_184127,baseline,UCIHAR,2,7,0.04765446924676116,894,47.79,6,91.3,959.8,67.2
baseline_20260624_184127,baseline,UCIHAR,2,8,0.05449292975078736,954,51.76,6,84.7,960.1,66.7
baseline_20260624_184127,baseline,UCIHAR,2,9,0.03814164445234033,834,46.36,6,80.9,966.0,64.3
baseline_20260624_184127,baseline,UCIHAR,3,0,0.04080056185883127,1254,172.55,6,94.2,1009.7,55.5
baseline_20260624_184127,baseline,UCIHAR,3,1,0.042570683266967536,684,35.45,6,90.3,1008.2,66.2
baseline_20260624_184127,baseline,UCIHAR,3,2,0.04250686406157911,666,35.87,6,89.3,1017.8,69.1
baseline_20260624_184127,baseline,UCIHAR,3,3,0.043349443934857845,738,40.64,6,90.4,961.1,65.2
baseline_20260624_184127,baseline,UCIHAR,3,4,0.03262159374675581,936,49.63,6,91.8,1001.3,71.1
baseline_20260624_184127,baseline,UCIHAR,3,5,0.04435663110052701,1038,58.77,6,92.0,975.6,70.1
baseline_20260624_184127,baseline,UCIHAR,3,6,0.032188034132839397,864,47.94,6,90.5,981.1,66.7
baseline_20260624_184127,baseline,UCIHAR,3,7,0.04667281445402365,894,47.75,6,91.3,969.1,68.7
baseline_20260624_184127,baseline,UCIHAR,3,8,0.03833484939033432,954,51.38,6,91.6,962.7,68.2
baseline_20260624_184127,baseline,UCIHAR,3,9,0.03683056513993786,834,46.31,6,91.5,968.2,65.7
baseline_20260624_184127,baseline,UCIHAR,4,0,0.0411477687057892,1254,174.32,6,93.9,1008.7,56.5
baseline_20260624_184127,baseline,UCIHAR,4,1,0.03496345160529017,684,35.84,6,89.1,1010.1,67.2
baseline_20260624_184127,baseline,UCIHAR,4,2,0.05112692080438137,666,35.49,6,90.2,1015.4,67.7
baseline_20260624_184127,baseline,UCIHAR,4,3,0.04332467320967804,738,40.67,6,90.5,959.8,66.7
baseline_20260624_184127,baseline,UCIHAR,4,4,0.04114850404273186,936,49.47,6,91.8,1008.9,73.0
baseline_20260624_184127,baseline,UCIHAR,4,5,0.03766591857129242,1038,58.77,6,91.6,986.7,71.1
baseline_20260624_184127,baseline,UCIHAR,4,6,0.034431007117606126,864,47.65,6,91.3,997.2,67.2
baseline_20260624_184127,baseline,UCIHAR,4,7,0.0360846513380798,894,47.66,6,91.3,966.1,69.6
baseline_20260624_184127,baseline,UCIHAR,4,8,0.03679380565881729,954,51.39,6,90.9,959.9,69.1
baseline_20260624_184127,baseline,UCIHAR,4,9,0.0360696089024154,834,46.29,6,91.3,966.3,65.7
baseline_20260624_184127,baseline,UCIHAR,5,0,0.04172586528339276,1254,173.53,6,94.2,1011.2,55.0
baseline_20260624_184127,baseline,UCIHAR,5,1,0.04164264383725822,684,35.49,6,90.2,1015.4,67.7
baseline_20260624_184127,baseline,UCIHAR,5,2,0.039164986950345336,666,35.54,6,90.2,1018.3,67.2
baseline_20260624_184127,baseline,UCIHAR,5,3,0.028894525169479577,738,40.21,6,90.6,979.8,65.7
baseline_20260624_184127,baseline,UCIHAR,5,4,0.041661664111805816,936,50.17,6,90.6,1005.1,72.5
baseline_20260624_184127,baseline,UCIHAR,5,5,0.039258973687537946,1038,57.92,6,90.6,984.3,70.6
baseline_20260624_184127,baseline,UCIHAR,5,6,0.03987364067087093,864,47.71,6,91.3,991.8,67.2
baseline_20260624_184127,baseline,UCIHAR,5,7,0.04607709889443448,894,47.39,6,91.2,981.2,68.7
baseline_20260624_184127,baseline,UCIHAR,5,8,0.03732512252671378,954,51.39,6,91.6,968.5,68.2
baseline_20260624_184127,baseline,UCIHAR,5,9,0.04634322992597635,834,46.08,6,91.5,963.9,66.7
baseline_20260624_184127,baseline,UCIHAR,6,0,0.0390776920034305,1254,172.92,6,93.8,994.3,57.0
baseline_20260624_184127,baseline,UCIHAR,6,1,0.0356392165645957,684,35.5,6,90.2,1018.1,67.2
baseline_20260624_184127,baseline,UCIHAR,6,2,0.03984753475524485,666,35.72,6,89.6,1019.2,69.1
baseline_20260624_184127,baseline,UCIHAR,6,3,0.026484093353660268,738,39.42,6,90.5,987.6,65.7
baseline_20260624_184127,baseline,UCIHAR,6,4,0.040065706275137405,936,49.99,6,91.0,1007.3,71.6
baseline_20260624_184127,baseline,UCIHAR,6,5,0.04052704750210978,1038,59.2,6,90.8,986.7,71.1
baseline_20260624_184127,baseline,UCIHAR,6,6,0.029678278477289356,864,47.93,6,90.5,994.8,67.2
baseline_20260624_184127,baseline,UCIHAR,6,7,0.027287545076643046,894,47.61,6,91.3,984.1,69.6
baseline_20260624_184127,baseline,UCIHAR,6,8,0.04169155916731272,954,51.59,6,91.0,958.3,68.7
baseline_20260624_184127,baseline,UCIHAR,6,9,0.03340020657588656,834,46.06,6,91.4,959.8,66.2
baseline_20260624_184127,baseline,UCIHAR,7,0,0.04711719884194041,1254,174.63,6,93.4,1016.5,56.0
baseline_20260624_184127,baseline,UCIHAR,7,1,0.04640866387635469,684,35.59,6,89.7,1012.1,66.7
baseline_20260624_184127,baseline,UCIHAR,7,2,0.03496152614243329,666,35.56,6,90.1,1015.5,69.1
baseline_20260624_184127,baseline,UCIHAR,7,3,0.03636754266071049,738,39.41,6,90.2,959.7,67.2
baseline_20260624_184127,baseline,UCIHAR,7,4,0.03498213245932545,936,49.7,6,91.8,1005.9,73.0
baseline_20260624_184127,baseline,UCIHAR,7,5,0.041810630362306256,1038,58.65,6,91.9,979.7,71.1
baseline_20260624_184127,baseline,UCIHAR,7,6,0.03028580782791743,864,47.7,6,91.2,992.0,68.2
baseline_20260624_184127,baseline,UCIHAR,7,7,0.04431502893567085,894,47.44,6,91.0,983.2,69.6
baseline_20260624_184127,baseline,UCIHAR,7,8,0.03353793699560421,954,51.52,6,91.5,965.6,69.6
baseline_20260624_184127,baseline,UCIHAR,7,9,0.026698675212593607,834,46.4,6,90.4,964.4,65.7
baseline_20260624_184127,baseline,UCIHAR,8,0,0.0365642111650423,1254,172.91,6,94.0,1013.6,56.0
baseline_20260624_184127,baseline,UCIHAR,8,1,0.03589699845761061,684,35.43,6,90.2,1012.6,67.2
baseline_20260624_184127,baseline,UCIHAR,8,2,0.03442013396415859,666,35.46,6,90.1,1016.7,68.2
baseline_20260624_184127,baseline,UCIHAR,8,3,0.03841872818090699,738,40.51,6,90.3,958.6,67.2
baseline_20260624_184127,baseline,UCIHAR,8,4,0.04149035384346332,936,49.94,6,91.4,1010.5,73.5
baseline_20260624_184127,baseline,UCIHAR,8,5,0.02591157415008638,1038,58.55,6,92.0,989.9,71.6
baseline_20260624_184127,baseline,UCIHAR,8,6,0.03422786005271169,864,47.26,6,90.1,995.3,67.2
baseline_20260624_184127,baseline,UCIHAR,8,7,0.026149546029046178,894,47.72,6,91.4,990.7,69.1
baseline_20260624_184127,baseline,UCIHAR,8,8,0.04648670155022826,954,50.91,6,91.4,965.0,69.6
baseline_20260624_184127,baseline,UCIHAR,8,9,0.03162712111281088,834,46.32,6,91.3,963.7,67.2
baseline_20260624_184127,baseline,UCIHAR,9,0,0.02857491385044628,1254,174.5,6,93.3,1000.2,56.0
baseline_20260624_184127,baseline,UCIHAR,9,1,0.041143938340246676,684,35.58,6,90.2,1014.0,68.2
baseline_20260624_184127,baseline,UCIHAR,9,2,0.048265342810191215,666,35.47,6,90.1,1019.0,68.7
baseline_20260624_184127,baseline,UCIHAR,9,3,0.031190705527974802,738,40.09,6,90.5,976.3,66.7
baseline_20260624_184127,baseline,UCIHAR,9,4,0.035855340638331006,936,49.73,6,91.4,1010.7,73.0
baseline_20260624_184127,baseline,UCIHAR,9,5,0.029357521241763607,1038,58.29,6,92.0,987.7,71.6
baseline_20260624_184127,baseline,UCIHAR,9,6,0.0332860138374739,864,47.11,6,91.1,993.2,68.2
baseline_20260624_184127,baseline,UCIHAR,9,7,0.04201370875279491,894,46.63,6,91.0,986.0,69.1
baseline_20260624_184127,baseline,UCIHAR,9,8,0.028004343954047987,954,50.63,6,91.2,966.3,70.1
baseline_20260624_184127,baseline,UCIHAR,9,9,0.024577215287046365,834,46.12,6,90.6,967.8,67.2
baseline_20260624_184127,baseline,UCIHAR,10,0,0.03160924061299547,1254,174.72,6,93.7,1010.3,57.0
baseline_20260624_184127,baseline,UCIHAR,10,1,0.04142473828978836,684,35.44,6,90.3,1013.3,67.7
baseline_20260624_184127,baseline,UCIHAR,10,2,0.012527561560273171,666,35.51,6,90.2,1021.2,69.1
baseline_20260624_184127,baseline,UCIHAR,10,3,0.021596951844086023,738,40.23,6,90.6,975.8,67.7
baseline_20260624_184127,baseline,UCIHAR,10,4,0.04684482741036585,936,50.32,6,90.7,1009.9,72.5
baseline_20260624_184127,baseline,UCIHAR,10,5,0.03399353050917853,1038,59.18,6,90.8,987.4,71.6
baseline_20260624_184127,baseline,UCIHAR,10,6,0.033116328180767596,864,46.75,6,91.1,993.6,68.7
baseline_20260624_184127,baseline,UCIHAR,10,7,0.03340354557328213,894,47.52,6,89.8,984.7,69.1
baseline_20260624_184127,baseline,UCIHAR,10,8,0.04100222819085632,954,50.84,6,91.6,946.8,69.6
baseline_20260624_184127,baseline,UCIHAR,10,9,0.033645671631137915,834,46.25,6,91.0,961.3,66.2
baseline_20260624_202221,baseline,UCIHAR,1,0,0.04333915169301786,1254,175.16,6,93.9,1022.6,57.5
baseline_20260624_202221,baseline,UCIHAR,1,1,0.03667934909462929,684,35.52,6,90.1,1021.6,68.2
baseline_20260624_202221,baseline,UCIHAR,1,2,0.0523572064936161,666,35.45,6,90.2,1023.7,69.1
baseline_20260624_202221,baseline,UCIHAR,1,3,0.04628388888456605,738,40.36,6,90.0,988.2,67.2
baseline_20260624_202221,baseline,UCIHAR,1,4,0.042579448382769315,936,50.26,6,90.6,1005.5,73.5
baseline_20260624_202221,baseline,UCIHAR,1,5,0.04652966486173682,1038,58.72,6,90.7,995.6,71.1
baseline_20260624_202221,baseline,UCIHAR,1,6,0.042517388526063696,864,47.55,6,91.2,995.8,68.2
baseline_20260624_202221,baseline,UCIHAR,1,7,0.03625546033995656,894,46.92,6,91.3,990.9,69.1
baseline_20260624_202221,baseline,UCIHAR,1,8,0.04187206797567861,954,51.34,6,91.5,985.8,69.1
baseline_20260624_202221,baseline,UCIHAR,1,9,0.040710070063001834,834,46.48,6,90.5,965.4,66.7
baseline_20260624_202221,baseline,UCIHAR,2,0,0.04345380779551832,1254,176.67,6,93.4,1017.6,57.0
baseline_20260624_202221,baseline,UCIHAR,2,1,0.059112952277064326,684,36.04,6,89.1,1017.4,67.7
baseline_20260624_202221,baseline,UCIHAR,2,2,0.03911379715427756,666,35.54,6,90.1,1020.3,69.6
baseline_20260624_202221,baseline,UCIHAR,2,3,0.03539080706171014,738,40.23,6,90.6,985.1,67.7
baseline_20260624_202221,baseline,UCIHAR,2,4,0.044740683399140835,936,49.73,6,91.8,1010.9,73.5
baseline_20260624_202221,baseline,UCIHAR,2,5,0.038067506859079,1038,58.65,6,92.0,995.1,72.1
baseline_20260624_202221,baseline,UCIHAR,2,6,0.03885944484947966,864,47.61,6,91.2,993.5,68.7
baseline_20260624_202221,baseline,UCIHAR,2,7,0.03820010838815226,894,46.92,6,91.2,993.5,69.6
baseline_20260624_202221,baseline,UCIHAR,2,8,0.05114300662119474,954,51.46,6,91.5,980.4,70.1
baseline_20260624_202221,baseline,UCIHAR,2,9,0.0350414025865925,834,46.51,6,90.3,961.3,67.2
baseline_20260624_202221,baseline,UCIHAR,3,0,0.027503188797517827,1254,175.34,6,93.7,1024.0,57.5
baseline_20260624_202221,baseline,UCIHAR,3,1,0.02714608134701848,684,35.45,6,90.2,1017.7,68.7
baseline_20260624_202221,baseline,UCIHAR,3,2,0.022132326010614635,666,35.59,6,89.9,1003.7,69.6
baseline_20260624_202221,baseline,UCIHAR,3,3,0.033233412583781916,738,40.25,6,90.6,981.9,67.2
baseline_20260624_202221,baseline,UCIHAR,3,4,0.03840551359046783,936,49.8,6,91.7,1012.6,73.5
baseline_20260624_202221,baseline,UCIHAR,3,5,0.03784944483777508,1038,57.16,6,91.8,994.9,71.6
baseline_20260624_202221,baseline,UCIHAR,3,6,0.04456823974704513,864,47.53,6,91.2,997.1,67.2
baseline_20260624_202221,baseline,UCIHAR,3,7,0.03653326401343712,894,47.51,6,90.4,990.9,69.1
baseline_20260624_202221,baseline,UCIHAR,3,8,0.04483617675889816,954,51.81,6,90.5,984.4,70.1
baseline_20260624_202221,baseline,UCIHAR,3,9,0.03012428366435835,834,45.77,6,91.3,962.7,68.2
baseline_20260624_202221,baseline,UCIHAR,4,0,0.042225155685293045,1254,175.35,6,94.0,1016.7,58.9
baseline_20260624_202221,baseline,UCIHAR,4,1,0.04981353413313627,684,35.55,6,90.3,1014.2,67.7
baseline_20260624_202221,baseline,UCIHAR,4,2,0.038088000798597935,666,35.35,6,90.2,1000.3,69.1
baseline_20260624_202221,baseline,UCIHAR,4,3,0.04830752952363004,738,40.49,6,89.8,982.3,67.2
baseline_20260624_202221,baseline,UCIHAR,4,4,0.045858162987445085,936,49.83,6,91.2,1018.2,73.0
baseline_20260624_202221,baseline,UCIHAR,4,5,0.04498224364942871,1038,57.26,6,91.9,988.8,72.5
baseline_20260624_202221,baseline,UCIHAR,4,6,0.04351356172432693,864,47.61,6,91.2,995.7,69.1
baseline_20260624_202221,baseline,UCIHAR,4,7,0.041748515849646464,894,47.2,6,91.3,994.2,69.6
baseline_20260624_202221,baseline,UCIHAR,4,8,0.03483515668527356,954,51.37,6,91.5,984.2,69.6
baseline_20260624_202221,baseline,UCIHAR,4,9,0.03552779626960938,834,45.61,6,91.3,970.4,67.7
baseline_20260624_202221,baseline,UCIHAR,5,0,0.027425291825478013,1254,175.62,6,93.8,1002.2,57.0
baseline_20260624_202221,baseline,UCIHAR,5,1,0.03709954917430878,684,35.46,6,90.1,1014.5,68.7
baseline_20260624_202221,baseline,UCIHAR,5,2,0.03319248969200998,666,35.33,6,90.1,1022.9,70.1
baseline_20260624_202221,baseline,UCIHAR,5,3,0.037616734456440266,738,40.26,6,90.5,988.0,67.2
baseline_20260624_202221,baseline,UCIHAR,5,4,0.03807173389941454,936,49.57,6,91.7,1008.0,73.5
baseline_20260624_202221,baseline,UCIHAR,5,5,0.03486905219324399,1038,58.53,6,92.0,993.2,71.1
baseline_20260624_202221,baseline,UCIHAR,5,6,0.0334516700464659,864,48.02,6,90.3,996.2,68.2
baseline_20260624_202221,baseline,UCIHAR,5,7,0.04168644221499562,894,47.58,6,91.2,995.1,70.1
baseline_20260624_202221,baseline,UCIHAR,5,8,0.032653451963726966,954,51.8,6,90.7,984.3,70.6
baseline_20260624_202221,baseline,UCIHAR,5,9,0.029556319762307864,834,45.65,6,91.2,968.5,67.7
baseline_20260624_202221,baseline,UCIHAR,6,0,0.03823425738435043,1254,175.31,6,93.9,1014.7,57.5
baseline_20260624_202221,baseline,UCIHAR,6,1,0.04458277272060514,684,35.47,6,90.2,997.3,68.2
baseline_20260624_202221,baseline,UCIHAR,6,2,0.044000698730815205,666,35.92,6,89.2,1001.6,68.7
baseline_20260624_202221,baseline,UCIHAR,6,3,0.04011789992959662,738,40.34,6,90.4,963.7,68.7
baseline_20260624_202221,baseline,UCIHAR,6,4,0.04375690161915762,936,49.53,6,91.8,1014.8,73.5
baseline_20260624_202221,baseline,UCIHAR,6,5,0.03431814223586116,1038,58.27,6,91.9,978.1,72.1
baseline_20260624_202221,baseline,UCIHAR,6,6,0.04150041011878504,864,47.6,6,91.3,1001.7,67.7
baseline_20260624_202221,baseline,UCIHAR,6,7,0.044852898277055755,894,47.57,6,91.3,993.2,68.7
baseline_20260624_202221,baseline,UCIHAR,6,8,0.052144500826086314,954,51.55,6,91.5,987.8,70.1
baseline_20260624_202221,baseline,UCIHAR,6,9,0.038609083383702315,834,46.1,6,91.2,969.6,67.7
baseline_20260624_202221,baseline,UCIHAR,7,0,0.035894924983088126,1254,175.53,6,93.9,1017.7,58.4
baseline_20260624_202221,baseline,UCIHAR,7,1,0.032226597191765904,684,35.56,6,90.2,1003.8,67.7
baseline_20260624_202221,baseline,UCIHAR,7,2,0.03163820572663099,666,35.65,6,90.2,996.1,68.7
baseline_20260624_202221,baseline,UCIHAR,7,3,0.038556215395642954,738,40.22,6,90.5,985.4,67.7
baseline_20260624_202221,baseline,UCIHAR,7,4,0.0426890323869884,936,49.83,6,91.9,1014.3,73.5
baseline_20260624_202221,baseline,UCIHAR,7,5,0.03651928524050163,1038,57.7,6,90.9,991.9,72.1
baseline_20260624_202221,baseline,UCIHAR,7,6,0.04337920667603612,864,47.98,6,90.2,994.9,69.1
baseline_20260624_202221,baseline,UCIHAR,7,7,0.0416976806994241,894,48.04,6,90.4,1000.7,69.6
baseline_20260624_202221,baseline,UCIHAR,7,8,0.04820082935371569,954,51.56,6,91.5,984.9,70.1
baseline_20260624_202221,baseline,UCIHAR,7,9,0.031738416846984856,834,45.54,6,91.5,972.6,67.2
baseline_20260624_202221,baseline,UCIHAR,8,0,0.02909130958448115,1254,176.87,6,93.4,1000.8,57.5
baseline_20260624_202221,baseline,UCIHAR,8,1,0.04489573165774345,684,35.44,6,90.2,1018.3,68.2
baseline_20260624_202221,baseline,UCIHAR,8,2,0.024786776839755477,666,35.53,6,90.2,1021.9,70.6
baseline_20260624_202221,baseline,UCIHAR,8,3,0.024265568089586766,738,40.27,6,90.3,981.7,67.7
baseline_20260624_202221,baseline,UCIHAR,8,4,0.0330777447338083,936,49.77,6,91.7,996.9,74.5
baseline_20260624_202221,baseline,UCIHAR,8,5,0.028492805009591393,1038,58.43,6,92.1,975.9,72.5
baseline_20260624_202221,baseline,UCIHAR,8,6,0.03321350627363874,864,47.39,6,91.3,999.2,68.7
baseline_20260624_202221,baseline,UCIHAR,8,7,0.04861168210537961,894,47.6,6,91.3,991.4,70.6
baseline_20260624_202221,baseline,UCIHAR,8,8,0.05177119660324284,954,51.81,6,90.6,984.6,71.1
baseline_20260624_202221,baseline,UCIHAR,8,9,0.031145429668518212,834,46.33,6,90.3,965.0,68.2
baseline_20260624_202221,baseline,UCIHAR,9,0,0.04066846351825485,1254,174.9,6,94.0,1018.1,57.0
baseline_20260624_202221,baseline,UCIHAR,9,1,0.04153990170452744,684,35.66,6,90.2,1017.3,66.7
baseline_20260624_202221,baseline,UCIHAR,9,2,0.01995014714775607,666,35.48,6,90.3,1022.8,70.6
baseline_20260624_202221,baseline,UCIHAR,9,3,0.0395735878793692,738,40.25,6,90.6,965.8,67.2
baseline_20260624_202221,baseline,UCIHAR,9,4,0.044356512903634994,936,49.79,6,91.8,1014.5,73.5
baseline_20260624_202221,baseline,UCIHAR,9,5,0.04223039111820981,1038,58.74,6,92.0,990.3,71.6
baseline_20260624_202221,baseline,UCIHAR,9,6,0.026632508012251213,864,47.82,6,91.1,990.8,68.2
baseline_20260624_202221,baseline,UCIHAR,9,7,0.045590113920088,894,48.1,6,90.3,993.6,69.1
baseline_20260624_202221,baseline,UCIHAR,9,8,0.04961279972589442,954,51.4,6,91.6,988.6,70.1
baseline_20260624_202221,baseline,UCIHAR,9,9,0.043345360533119395,834,46.3,6,90.4,965.8,68.2
baseline_20260624_202221,baseline,UCIHAR,10,0,0.0360030267559188,1254,174.96,6,93.9,1023.9,57.5
baseline_20260624_202221,baseline,UCIHAR,10,1,0.04460365064442158,684,35.52,6,90.1,1017.7,67.7
baseline_20260624_202221,baseline,UCIHAR,10,2,0.03713704245164991,666,35.57,6,90.0,1023.2,69.6
baseline_20260624_202221,baseline,UCIHAR,10,3,0.02830078078179874,738,40.19,6,90.5,987.4,67.7
baseline_20260624_202221,baseline,UCIHAR,10,4,0.04089228795575244,936,49.65,6,91.7,1015.3,74.0
baseline_20260624_202221,baseline,UCIHAR,10,5,0.035322826632182114,1038,58.6,6,91.9,991.1,72.1
baseline_20260624_202221,baseline,UCIHAR,10,6,0.017916789582858864,864,47.54,6,91.3,1000.8,68.7
baseline_20260624_202221,baseline,UCIHAR,10,7,0.03199538858965612,894,47.66,6,91.3,990.5,70.1
baseline_20260624_202221,baseline,UCIHAR,10,8,0.04469207527914217,954,51.69,6,91.4,985.2,70.1
baseline_20260624_202221,baseline,UCIHAR,10,9,0.034731966246349305,834,45.75,6,91.1,963.7,68.2
baseline_20260624_215747,baseline,UCIHAR,1,0,0.04652682412415743,1254,176.25,6,93.4,1022.5,57.0
baseline_20260624_215747,baseline,UCIHAR,1,1,0.04377339011989534,684,35.44,6,90.3,1018.4,66.2
baseline_20260624_215747,baseline,UCIHAR,1,2,0.036172149190679195,666,35.51,6,90.3,1024.2,66.7
baseline_20260624_215747,baseline,UCIHAR,1,3,0.0502605964853005,738,40.26,6,90.5,990.3,65.2
baseline_20260624_215747,baseline,UCIHAR,1,4,0.0413134024212403,936,49.72,6,91.7,1017.0,71.6
baseline_20260624_215747,baseline,UCIHAR,1,5,0.03946474089752883,1038,58.56,6,92.0,992.9,69.6
baseline_20260624_215747,baseline,UCIHAR,1,6,0.02521521053635157,864,47.72,6,90.9,999.7,66.2
baseline_20260624_215747,baseline,UCIHAR,1,7,0.04213253953135931,894,47.62,6,91.3,998.6,67.7
baseline_20260624_215747,baseline,UCIHAR,1,8,0.03595981314512236,954,51.92,6,90.5,986.2,68.2
baseline_20260624_215747,baseline,UCIHAR,1,9,0.034700159287939854,834,46.08,6,91.3,974.8,65.7
baseline_20260624_215747,baseline,UCIHAR,2,0,0.033560091764421054,1254,176.58,6,93.4,1019.6,57.5
baseline_20260624_215747,baseline,UCIHAR,2,1,0.040758099406957626,684,35.42,6,90.3,1018.5,67.2
baseline_20260624_215747,baseline,UCIHAR,2,2,0.023715525749139488,666,35.45,6,90.1,1027.8,69.1
baseline_20260624_215747,baseline,UCIHAR,2,3,0.05066181854768233,738,40.58,6,90.0,989.5,67.7
baseline_20260624_215747,baseline,UCIHAR,2,4,0.04429567518777081,936,49.68,6,91.8,1014.8,72.5
baseline_20260624_215747,baseline,UCIHAR,2,5,0.04081031544774305,1038,59.12,6,91.0,997.4,71.6
baseline_20260624_215747,baseline,UCIHAR,2,6,0.045740966900036886,864,47.54,6,91.1,1001.9,67.7
baseline_20260624_215747,baseline,UCIHAR,2,7,0.0385107070637437,894,47.54,6,91.4,995.5,68.7
baseline_20260624_215747,baseline,UCIHAR,2,8,0.03618325133408819,954,51.4,6,91.5,984.5,69.6
baseline_20260624_215747,baseline,UCIHAR,2,9,0.044442420753722005,834,45.69,6,91.3,975.6,67.2
baseline_20260624_215747,baseline,UCIHAR,3,0,0.025086506956109877,1254,175.23,6,93.9,1025.0,58.4
baseline_20260624_215747,baseline,UCIHAR,3,1,0.03135550264269114,684,35.44,6,90.2,999.4,68.2
baseline_20260624_215747,baseline,UCIHAR,3,2,0.03856734442524612,666,35.48,6,90.2,1022.8,69.1
baseline_20260624_215747,baseline,UCIHAR,3,3,0.028733184857463293,738,40.51,6,90.0,984.7,67.2
baseline_20260624_215747,baseline,UCIHAR,3,4,0.02722276038756328,936,49.88,6,91.5,1015.8,73.5
baseline_20260624_215747,baseline,UCIHAR,3,5,0.03593299488420598,1038,58.87,6,91.8,981.0,71.6
baseline_20260624_215747,baseline,UCIHAR,3,6,0.0313207466656772,864,47.69,6,91.4,1002.3,68.2
baseline_20260624_215747,baseline,UCIHAR,3,7,0.03270866793508713,894,47.56,6,91.3,997.1,69.1
baseline_20260624_215747,baseline,UCIHAR,3,8,0.04438229024942432,954,51.16,6,91.6,988.4,69.6
baseline_20260624_215747,baseline,UCIHAR,3,9,0.03130288902097023,834,46.64,6,90.4,972.3,67.2
baseline_20260624_215747,baseline,UCIHAR,4,0,0.04340298478736689,1254,175.38,6,93.9,1002.4,57.0
baseline_20260624_215747,baseline,UCIHAR,4,1,0.03240295078139752,684,35.98,6,89.2,1015.4,67.7
baseline_20260624_215747,baseline,UCIHAR,4,2,0.027246537175960837,666,35.36,6,90.2,1027.5,69.6
baseline_20260624_215747,baseline,UCIHAR,4,3,0.037047984628853475,738,40.13,6,90.5,986.2,66.7
baseline_20260624_215747,baseline,UCIHAR,4,4,0.038201242818364074,936,49.84,6,90.9,1015.6,73.0
baseline_20260624_215747,baseline,UCIHAR,4,5,0.03882757274550386,1038,58.49,6,92.0,994.1,71.6
baseline_20260624_215747,baseline,UCIHAR,4,6,0.028808990457596686,864,47.65,6,91.2,997.0,67.2
baseline_20260624_215747,baseline,UCIHAR,4,7,0.04137145151169254,894,47.5,6,91.4,994.2,70.6
baseline_20260624_215747,baseline,UCIHAR,4,8,0.05199515387149794,954,51.4,6,91.6,984.7,69.1
baseline_20260624_215747,baseline,UCIHAR,4,9,0.023001927927208062,834,45.8,6,90.9,968.5,67.2
baseline_20260624_215747,baseline,UCIHAR,5,0,0.03554730953060483,1254,176.72,6,93.5,1000.1,57.5
baseline_20260624_215747,baseline,UCIHAR,5,1,0.031405690824612975,684,35.47,6,90.1,1021.6,68.2
baseline_20260624_215747,baseline,UCIHAR,5,2,0.05198271479457617,666,35.46,6,90.2,1026.6,69.1
baseline_20260624_215747,baseline,UCIHAR,5,3,0.037520104976878924,738,40.13,6,90.6,990.4,67.7
baseline_20260624_215747,baseline,UCIHAR,5,4,0.03181573549019439,936,49.66,6,91.7,1019.2,74.0
baseline_20260624_215747,baseline,UCIHAR,5,5,0.03825771556876134,1038,58.46,6,92.0,991.3,72.5
baseline_20260624_215747,baseline,UCIHAR,5,6,0.04026408531129933,864,47.73,6,91.2,1000.2,68.2
baseline_20260624_215747,baseline,UCIHAR,5,7,0.033133296779571816,894,47.53,6,91.2,989.4,69.1
baseline_20260624_215747,baseline,UCIHAR,5,8,0.037400617862918546,954,51.59,6,91.3,988.7,70.1
baseline_20260624_215747,baseline,UCIHAR,5,9,0.03594217017794458,834,46.1,6,91.4,967.8,66.7
baseline_20260624_225729,baseline,UCIHAR,1,0,0.04959395013161396,1254,175.12,6,93.9,1019.2,56.5
baseline_20260624_225729,baseline,UCIHAR,1,1,0.051009388314560054,684,35.83,6,89.4,1021.5,65.7
baseline_20260624_225729,baseline,UCIHAR,1,2,0.04024121100082993,666,35.57,6,90.1,1028.3,67.7
baseline_20260624_225729,baseline,UCIHAR,1,3,0.04923641829836098,738,40.25,6,90.5,993.9,64.8
baseline_20260624_225729,baseline,UCIHAR,1,4,0.04898565023073128,936,49.83,6,91.1,1018.0,70.6
baseline_20260624_225729,baseline,UCIHAR,1,5,0.04128986410796642,1038,58.48,6,92.0,994.2,69.6
baseline_20260624_225729,baseline,UCIHAR,1,6,0.025798677314574327,864,47.93,6,90.1,997.8,65.2
baseline_20260624_225729,baseline,UCIHAR,1,7,0.03531345832519806,894,47.66,6,91.3,996.2,66.7
baseline_20260624_225729,baseline,UCIHAR,1,8,0.04384491579341037,954,51.33,6,91.5,993.1,67.7
baseline_20260624_225729,baseline,UCIHAR,1,9,0.038118231343105435,834,46.42,6,90.8,971.8,64.8
baseline_20260624_225729,baseline,UCIHAR,2,0,0.04575370634464841,1254,175.77,6,93.8,1020.7,57.0
baseline_20260624_225729,baseline,UCIHAR,2,1,0.03560276185162366,684,35.53,6,90.2,1011.0,67.2
baseline_20260624_225729,baseline,UCIHAR,2,2,0.05356881096959114,666,35.45,6,90.3,1025.9,69.6
baseline_20260624_225729,baseline,UCIHAR,2,3,0.04467424534430558,738,40.66,6,89.4,989.9,65.7
baseline_20260624_225729,baseline,UCIHAR,2,4,0.04791780335030386,936,49.73,6,91.7,1014.5,72.5
baseline_20260624_225729,baseline,UCIHAR,2,5,0.04152845181670273,1038,58.78,6,91.8,991.9,71.1
baseline_20260624_225729,baseline,UCIHAR,2,6,0.042921980628027365,864,47.59,6,91.2,1004.9,67.2
baseline_20260624_225729,baseline,UCIHAR,2,7,0.03787849822009985,894,48.05,6,90.3,996.3,69.1
baseline_20260624_225729,baseline,UCIHAR,2,8,0.04629965226298997,954,51.38,6,91.6,992.4,68.7
baseline_20260624_225729,baseline,UCIHAR,2,9,0.03280801404840671,834,46.16,6,91.3,966.5,67.7
baseline_20260624_225729,baseline,UCIHAR,3,0,0.03611290195074521,1254,175.2,6,94.0,1024.4,56.0
baseline_20260624_225729,baseline,UCIHAR,3,1,0.02888712575659156,684,35.64,6,90.0,1019.8,67.2
baseline_20260624_225729,baseline,UCIHAR,3,2,0.04714037671219558,666,35.44,6,90.3,1024.0,69.6
baseline_20260624_225729,baseline,UCIHAR,3,3,0.044495565224100246,738,40.24,6,90.6,994.9,65.7
baseline_20260624_225729,baseline,UCIHAR,3,4,0.037755341335598915,936,50.01,6,90.7,1014.5,72.5
baseline_20260624_225729,baseline,UCIHAR,3,5,0.04370017250766978,1038,58.59,6,91.8,993.5,72.1
baseline_20260624_225729,baseline,UCIHAR,3,6,0.03095468026227676,864,48.08,6,90.1,1005.6,67.7
baseline_20260624_225729,baseline,UCIHAR,3,7,0.03412479660115563,894,47.43,6,91.3,999.4,69.6
baseline_20260624_225729,baseline,UCIHAR,3,8,0.039795274047979286,954,52.03,6,90.4,987.4,70.1
baseline_20260624_225729,baseline,UCIHAR,3,9,0.03704912663222505,834,46.32,6,90.3,966.9,66.7
baseline_20260624_225729,baseline,UCIHAR,4,0,0.02909757809615449,1254,175.27,6,93.9,1020.4,57.0
baseline_20260624_225729,baseline,UCIHAR,4,1,0.039639648981392384,684,35.55,6,89.8,1017.7,67.2
baseline_20260624_225729,baseline,UCIHAR,4,2,0.04012532762717456,666,35.4,6,90.1,1025.3,70.1
baseline_20260624_225729,baseline,UCIHAR,4,3,0.046159507812593474,738,40.23,6,90.6,990.7,66.7
baseline_20260624_225729,baseline,UCIHAR,4,4,0.05026480123134596,936,50.17,6,90.7,1023.1,72.5
baseline_20260624_225729,baseline,UCIHAR,4,5,0.034412663444527425,1038,58.55,6,91.8,993.0,72.1
baseline_20260624_225729,baseline,UCIHAR,4,6,0.03741452163264442,864,47.51,6,91.2,1008.4,67.7
baseline_20260624_225729,baseline,UCIHAR,4,7,0.04350384810151389,894,47.38,6,91.3,1002.1,69.6
baseline_20260624_225729,baseline,UCIHAR,4,8,0.04124722516696368,954,51.38,6,91.7,989.7,69.1
baseline_20260624_225729,baseline,UCIHAR,4,9,0.04304926924837323,834,45.92,6,91.1,969.3,66.7
baseline_20260624_225729,baseline,UCIHAR,5,0,0.03993416783448897,1254,176.67,6,93.3,1018.4,57.5
baseline_20260624_225729,baseline,UCIHAR,5,1,0.03510724375955761,684,35.6,6,90.2,1019.4,67.7
baseline_20260624_225729,baseline,UCIHAR,5,2,0.030319510470144452,666,35.73,6,89.3,1023.9,68.2
baseline_20260624_225729,baseline,UCIHAR,5,3,0.0381125480952588,738,40.46,6,90.3,991.7,65.7
baseline_20260624_225729,baseline,UCIHAR,5,4,0.03449609100685588,936,49.59,6,91.7,1019.1,72.1
baseline_20260624_225729,baseline,UCIHAR,5,5,0.03562425111886114,1038,59.03,6,91.1,970.9,69.6
baseline_20260624_225729,baseline,UCIHAR,5,6,0.041068140882998705,864,47.66,6,91.3,1005.6,66.2
baseline_20260624_225729,baseline,UCIHAR,5,7,0.037512936539804705,894,47.6,6,91.2,978.7,67.7
baseline_20260624_225729,baseline,UCIHAR,5,8,0.040675455637808354,954,51.31,6,91.6,987.3,68.7
baseline_20260624_225729,baseline,UCIHAR,5,9,0.03710457752458751,834,46.53,6,90.4,969.8,65.7
baseline_20260624_225729,baseline,UCIHAR,6,0,0.03578400799367381,1254,175.08,6,93.9,1028.1,57.0
baseline_20260624_225729,baseline,UCIHAR,6,1,0.03298657331615686,684,35.47,6,90.2,1020.8,66.7
baseline_20260624_225729,baseline,UCIHAR,6,2,0.04467188379494473,666,35.46,6,90.1,1027.8,69.1
baseline_20260624_225729,baseline,UCIHAR,6,3,0.037258824947374786,738,40.33,6,90.4,987.6,67.7
baseline_20260624_225729,baseline,UCIHAR,6,4,0.04009763158059546,936,50.0,6,90.6,1010.6,73.0
baseline_20260624_225729,baseline,UCIHAR,6,5,0.04158831103995908,1038,59.21,6,90.8,991.9,71.1
baseline_20260624_225729,baseline,UCIHAR,6,6,0.02999997490014021,864,47.7,6,91.0,1001.4,67.7
baseline_20260624_225729,baseline,UCIHAR,6,7,0.03579094044219416,894,47.64,6,91.2,1002.4,67.7
baseline_20260624_225729,baseline,UCIHAR,6,8,0.04617742834878819,954,51.36,6,91.6,990.9,69.6
baseline_20260624_225729,baseline,UCIHAR,6,9,0.048861009104607195,834,46.29,6,91.2,968.7,66.7
baseline_20260624_225729,baseline,UCIHAR,7,0,0.02134393694761552,1254,175.05,6,94.0,1024.6,57.5
baseline_20260624_225729,baseline,UCIHAR,7,1,0.04099880200810731,684,35.5,6,90.2,1015.9,69.1
baseline_20260624_225729,baseline,UCIHAR,7,2,0.0245614750077948,666,35.44,6,90.2,1026.7,69.1
baseline_20260624_225729,baseline,UCIHAR,7,3,0.0257227188822898,738,40.58,6,89.5,989.1,67.7
baseline_20260624_225729,baseline,UCIHAR,7,4,0.03272993473469147,936,50.14,6,90.6,1017.2,73.0
baseline_20260624_225729,baseline,UCIHAR,7,5,0.03430761699564755,1038,58.89,6,91.0,991.2,71.1
baseline_20260624_225729,baseline,UCIHAR,7,6,0.03525299399804611,864,47.85,6,90.4,1007.3,67.7
baseline_20260624_225729,baseline,UCIHAR,7,7,0.04320628151225929,894,47.58,6,91.0,994.6,70.6
baseline_20260624_225729,baseline,UCIHAR,7,8,0.04013743713897254,954,51.46,6,91.5,995.2,70.6
baseline_20260624_225729,baseline,UCIHAR,7,9,0.030885941868361372,834,46.32,6,90.2,973.6,66.7
baseline_20260624_225729,baseline,UCIHAR,8,0,0.03640255180040473,1254,176.79,6,93.4,1016.6,56.5
baseline_20260624_225729,baseline,UCIHAR,8,1,0.031190630840137602,684,35.85,6,89.2,1021.2,67.2
baseline_20260624_225729,baseline,UCIHAR,8,2,0.034336012904532254,666,35.97,6,89.1,1023.8,69.1
baseline_20260624_225729,baseline,UCIHAR,8,3,0.039165662728588686,738,40.31,6,90.6,990.5,67.2
baseline_20260624_225729,baseline,UCIHAR,8,4,0.04956054261752537,936,49.66,6,91.7,1013.1,72.5
baseline_20260624_225729,baseline,UCIHAR,8,5,0.038289128700853325,1038,58.46,6,92.0,969.7,71.1
baseline_20260624_225729,baseline,UCIHAR,8,6,0.031716870654446,864,47.43,6,91.3,982.0,67.7
baseline_20260624_225729,baseline,UCIHAR,8,7,0.04059378475022431,894,47.54,6,91.3,996.8,68.2
baseline_20260624_225729,baseline,UCIHAR,8,8,0.02804658911190927,954,51.31,6,91.5,991.1,69.1
baseline_20260624_225729,baseline,UCIHAR,8,9,0.03304763091728091,834,45.77,6,91.4,969.2,67.7
baseline_20260624_225729,baseline,UCIHAR,9,0,0.031196443118939276,1254,174.88,6,93.8,1019.5,56.0
baseline_20260624_225729,baseline,UCIHAR,9,1,0.044755435176193716,684,35.62,6,90.2,1020.1,67.7
baseline_20260624_225729,baseline,UCIHAR,9,2,0.02972018129657954,666,35.61,6,90.2,1024.2,69.1
baseline_20260624_225729,baseline,UCIHAR,9,3,0.03292204354974357,738,40.36,6,90.1,994.6,67.2
baseline_20260624_225729,baseline,UCIHAR,9,4,0.029507350974849293,936,49.63,6,91.7,1017.7,72.5
baseline_20260624_225729,baseline,UCIHAR,9,5,0.02163950957765337,1038,58.6,6,91.7,968.3,72.1
baseline_20260624_225729,baseline,UCIHAR,9,6,0.03404800806982586,864,47.48,6,91.3,1001.7,67.2
baseline_20260624_225729,baseline,UCIHAR,9,7,0.03837645510569788,894,48.08,6,90.3,1001.3,68.7
baseline_20260624_225729,baseline,UCIHAR,9,8,0.04819117160513997,954,51.24,6,91.6,984.2,69.6
baseline_20260624_225729,baseline,UCIHAR,9,9,0.03858462651260197,834,46.34,6,90.4,972.3,67.2
baseline_20260624_225729,baseline,UCIHAR,10,0,0.03768486497114951,1254,176.47,6,93.5,1028.0,56.5
baseline_20260624_225729,baseline,UCIHAR,10,1,0.0338592640357092,684,35.42,6,90.2,1016.2,68.2
baseline_20260624_225729,baseline,UCIHAR,10,2,0.044357982091605665,666,35.57,6,90.4,1028.1,68.7
baseline_20260624_225729,baseline,UCIHAR,10,3,0.03535600015046922,738,40.33,6,90.6,993.0,66.2
baseline_20260624_225729,baseline,UCIHAR,10,4,0.0384296765550971,936,49.56,6,91.7,1012.0,73.0
baseline_20260624_225729,baseline,UCIHAR,10,5,0.028922728426550748,1038,58.59,6,92.0,992.5,71.6
baseline_20260624_225729,baseline,UCIHAR,10,6,0.03341383243409487,864,47.65,6,91.2,991.6,68.7
baseline_20260624_225729,baseline,UCIHAR,10,7,0.04624541599948246,894,47.7,6,90.9,998.9,69.1
baseline_20260624_225729,baseline,UCIHAR,10,8,0.033318662483777316,954,51.25,6,91.6,988.0,70.1
baseline_20260624_225729,baseline,UCIHAR,10,9,0.0293651617024667,834,45.56,6,91.3,964.4,67.7
baseline_20260625_004741,baseline,UCIHAR,1,0,0.052613659320693264,1254,175.04,6,94.0,1029.3,57.9
baseline_20260625_004741,baseline,UCIHAR,1,1,0.03439037390053272,684,35.48,6,90.1,1032.1,69.6
baseline_20260625_004741,baseline,UCIHAR,1,2,0.04278962779790163,666,35.5,6,90.3,1026.9,69.6
baseline_20260625_004741,baseline,UCIHAR,1,3,0.04613577519458803,738,40.2,6,90.5,992.6,67.7
baseline_20260625_004741,baseline,UCIHAR,1,4,0.0402351758176727,936,50.2,6,90.8,1025.7,72.5
baseline_20260625_004741,baseline,UCIHAR,1,5,0.05552354277460836,1038,58.71,6,91.6,999.4,70.6
baseline_20260625_004741,baseline,UCIHAR,1,6,0.026516839897689912,864,47.65,6,91.2,1005.7,68.2
baseline_20260625_004741,baseline,UCIHAR,1,7,0.04050459168278254,894,47.93,6,90.5,1003.5,69.6
baseline_20260625_004741,baseline,UCIHAR,1,8,0.04352861097348588,954,50.75,6,91.2,993.6,70.6
baseline_20260625_004741,baseline,UCIHAR,1,9,0.02404885062088187,834,46.69,6,90.3,972.2,67.7
baseline_20260625_004741,baseline,UCIHAR,2,0,0.03610474268268598,1254,175.49,6,94.0,1032.9,57.0
baseline_20260625_004741,baseline,UCIHAR,2,1,0.041679315641522406,684,35.45,6,90.3,1021.3,67.7
baseline_20260625_004741,baseline,UCIHAR,2,2,0.04603852133732289,666,35.45,6,90.3,1028.2,69.1
baseline_20260625_004741,baseline,UCIHAR,2,3,0.04158125508745963,738,40.24,6,90.4,996.6,67.2
baseline_20260625_004741,baseline,UCIHAR,2,4,0.047136557288467884,936,49.69,6,91.7,1015.9,74.5
baseline_20260625_004741,baseline,UCIHAR,2,5,0.03784620440274011,1038,58.56,6,91.9,992.8,71.6
baseline_20260625_004741,baseline,UCIHAR,2,6,0.03830951649265794,864,47.71,6,90.7,1001.7,68.2
baseline_20260625_004741,baseline,UCIHAR,2,7,0.05290176891363584,894,47.9,6,90.3,1002.0,69.6
baseline_20260625_004741,baseline,UCIHAR,2,8,0.04278027445876172,954,51.83,6,90.3,992.6,70.1
baseline_20260625_004741,baseline,UCIHAR,2,9,0.03984933876647399,834,46.03,6,91.4,971.7,67.7
baseline_20260625_004741,baseline,UCIHAR,3,0,0.04234953418276027,1254,176.22,6,93.6,1022.3,58.4
baseline_20260625_004741,baseline,UCIHAR,3,1,0.03638759413734079,684,35.76,6,89.4,1022.5,67.7
baseline_20260625_004741,baseline,UCIHAR,3,2,0.05146428644657135,666,35.42,6,90.1,1027.9,69.6
baseline_20260625_004741,baseline,UCIHAR,3,3,0.027927815914154053,738,40.34,6,90.5,994.9,66.7
baseline_20260625_004741,baseline,UCIHAR,3,4,0.04058860368760569,936,49.56,6,91.5,1019.3,73.0
baseline_20260625_004741,baseline,UCIHAR,3,5,0.03927547893545125,1038,58.58,6,91.8,993.6,72.1
baseline_20260625_004741,baseline,UCIHAR,3,6,0.04308914704821431,864,47.69,6,91.3,1003.3,68.2
baseline_20260625_004741,baseline,UCIHAR,3,7,0.04353167951250306,894,47.53,6,91.3,996.1,69.6
baseline_20260625_004741,baseline,UCIHAR,3,8,0.04886358284524509,954,50.73,6,91.0,991.8,70.6
baseline_20260625_004741,baseline,UCIHAR,3,9,0.041642770171165466,834,45.96,6,91.3,970.0,67.2
baseline_20260625_004741,baseline,UCIHAR,4,0,0.044860452180728316,1254,175.28,6,93.9,1025.4,57.0
baseline_20260625_004741,baseline,UCIHAR,4,1,0.04053636509925127,684,36.71,6,87.7,1023.1,68.7
baseline_20260625_004741,baseline,UCIHAR,4,2,0.02904763533733785,666,35.59,6,89.6,1026.5,68.7
baseline_20260625_004741,baseline,UCIHAR,4,3,0.04009283380582929,738,40.35,6,89.9,991.0,66.2
baseline_20260625_004741,baseline,UCIHAR,4,4,0.041831644784126966,936,49.8,6,91.6,1020.1,73.0
baseline_20260625_004741,baseline,UCIHAR,4,5,0.033632017381023616,1038,58.58,6,91.9,993.4,71.6
baseline_20260625_004741,baseline,UCIHAR,4,6,0.0367600830594221,864,47.81,6,91.1,1001.1,68.2
baseline_20260625_004741,baseline,UCIHAR,4,7,0.03430145624308632,894,48.05,6,91.0,972.9,70.6
baseline_20260625_004741,baseline,UCIHAR,4,8,0.042682496032544544,954,50.38,6,91.0,993.6,70.1
baseline_20260625_004741,baseline,UCIHAR,4,9,0.040265191525507435,834,46.02,6,91.4,969.7,67.2
baseline_20260625_004741,baseline,UCIHAR,5,0,0.039298199362268575,1254,175.51,6,94.0,1028.3,56.5
baseline_20260625_004741,baseline,UCIHAR,5,1,0.043224981101229784,684,35.62,6,89.8,1021.1,67.7
baseline_20260625_004741,baseline,UCIHAR,5,2,0.03847172553651035,666,35.52,6,90.1,1026.2,68.7
baseline_20260625_004741,baseline,UCIHAR,5,3,0.04792265119877728,738,40.28,6,90.5,995.7,67.7
baseline_20260625_004741,baseline,UCIHAR,5,4,0.03332544510651912,936,49.9,6,91.1,1019.8,73.0
baseline_20260625_004741,baseline,UCIHAR,5,5,0.03614427564025391,1038,58.59,6,91.8,998.0,72.1
baseline_20260625_004741,baseline,UCIHAR,5,6,0.03800958088742426,864,47.75,6,90.9,1000.3,68.7
baseline_20260625_004741,baseline,UCIHAR,5,7,0.026173340604425624,894,48.2,6,90.1,965.7,69.6
baseline_20260625_004741,baseline,UCIHAR,5,8,0.0458207274787128,954,50.58,6,91.4,990.3,69.6
baseline_20260625_004741,baseline,UCIHAR,5,9,0.04255112411024479,834,45.9,6,91.3,973.0,67.2
baseline_20260625_004741,baseline,UCIHAR,6,0,0.04314213711768389,1254,175.24,6,94.0,1030.7,57.0
baseline_20260625_004741,baseline,UCIHAR,6,1,0.03166727456264198,684,35.89,6,89.1,1021.2,68.2
baseline_20260625_004741,baseline,UCIHAR,6,2,0.03013184224255383,666,35.35,6,90.2,1030.4,69.6
baseline_20260625_004741,baseline,UCIHAR,6,3,0.0464727275962518,738,40.2,6,90.7,994.0,67.7
baseline_20260625_004741,baseline,UCIHAR,6,4,0.035999039454119544,936,49.53,6,91.5,1015.7,74.5
baseline_20260625_004741,baseline,UCIHAR,6,5,0.02734058428904973,1038,58.51,6,92.0,995.3,73.0
baseline_20260625_004741,baseline,UCIHAR,6,6,0.03940055462030264,864,47.56,6,91.4,1001.5,69.6
baseline_20260625_004741,baseline,UCIHAR,6,7,0.03256720625079022,894,47.55,6,91.2,970.9,70.1
baseline_20260625_004741,baseline,UCIHAR,6,8,0.03702280803450516,954,51.31,6,90.5,989.5,70.1
baseline_20260625_004741,baseline,UCIHAR,6,9,0.03831367207189592,834,46.35,6,90.2,973.7,67.2
baseline_20260625_004741,baseline,UCIHAR,7,0,0.045924466961112465,1254,175.59,6,93.9,1027.5,57.5
baseline_20260625_004741,baseline,UCIHAR,7,1,0.039199060387909414,684,35.93,6,89.3,1020.7,68.2
baseline_20260625_004741,baseline,UCIHAR,7,2,0.042237444047350435,666,35.68,6,89.8,1023.9,69.1
baseline_20260625_004741,baseline,UCIHAR,7,3,0.03552891790274192,738,40.23,6,90.1,997.7,67.2
baseline_20260625_004741,baseline,UCIHAR,7,4,0.03338881172905011,936,49.73,6,91.7,1023.8,73.0
baseline_20260625_004741,baseline,UCIHAR,7,5,0.026051852488308214,1038,58.44,6,92.0,994.2,71.6
baseline_20260625_004741,baseline,UCIHAR,7,6,0.04248081702882281,864,47.45,6,91.1,1004.5,68.2
baseline_20260625_004741,baseline,UCIHAR,7,7,0.029044849189141624,894,47.39,6,91.2,986.0,69.6
baseline_20260625_004741,baseline,UCIHAR,7,8,0.03380654027153339,954,51.38,6,91.2,984.5,70.6
baseline_20260625_004741,baseline,UCIHAR,7,9,0.03538168463497781,834,45.14,6,91.2,973.2,67.2
baseline_20260625_004741,baseline,UCIHAR,8,0,0.03845852084065739,1254,175.3,6,93.9,1031.2,57.9
baseline_20260625_004741,baseline,UCIHAR,8,1,0.03688935600221157,684,35.48,6,90.2,1022.1,67.7
baseline_20260625_004741,baseline,UCIHAR,8,2,0.04270170000381768,666,35.49,6,90.3,1031.4,69.1
baseline_20260625_004741,baseline,UCIHAR,8,3,0.021345101116987116,738,40.21,6,90.5,999.0,67.7
baseline_20260625_004741,baseline,UCIHAR,8,4,0.037901899843875854,936,49.81,6,91.6,1017.0,73.5
baseline_20260625_004741,baseline,UCIHAR,8,5,0.02734436051832745,1038,58.53,6,91.9,996.7,72.1
baseline_20260625_004741,baseline,UCIHAR,8,6,0.026476310754123215,864,47.46,6,91.3,1002.8,67.7
baseline_20260625_004741,baseline,UCIHAR,8,7,0.03647762057013237,894,47.56,6,91.3,992.3,69.6
baseline_20260625_004741,baseline,UCIHAR,8,8,0.040684808644333055,954,50.24,6,91.3,996.9,69.6
baseline_20260625_004741,baseline,UCIHAR,8,9,0.04437837865239439,834,45.62,6,91.4,973.6,66.7
baseline_20260625_004741,baseline,UCIHAR,9,0,0.03495483298933035,1254,175.34,6,93.9,1026.3,58.4
baseline_20260625_004741,baseline,UCIHAR,9,1,0.04391892892308533,684,35.69,6,89.2,1028.7,68.7
baseline_20260625_004741,baseline,UCIHAR,9,2,0.043389478395693,666,35.35,6,90.2,1027.6,69.6
baseline_20260625_004741,baseline,UCIHAR,9,3,0.04603154758330096,738,40.37,6,90.2,995.7,67.7
baseline_20260625_004741,baseline,UCIHAR,9,4,0.03769554690058742,936,49.86,6,91.4,1020.6,74.0
baseline_20260625_004741,baseline,UCIHAR,9,5,0.027014684164896607,1038,58.74,6,91.8,994.1,71.6
baseline_20260625_004741,baseline,UCIHAR,9,6,0.03700598151996159,864,48.01,6,90.3,1005.5,69.1
baseline_20260625_004741,baseline,UCIHAR,9,7,0.030803569538805347,894,47.65,6,91.2,975.9,70.1
baseline_20260625_004741,baseline,UCIHAR,9,8,0.04358395581532802,954,50.85,6,90.3,998.6,71.6
baseline_20260625_004741,baseline,UCIHAR,9,9,0.036583672188079126,834,46.11,6,91.0,956.8,68.2
baseline_20260625_004741,baseline,UCIHAR,10,0,0.040064560984702485,1254,175.16,6,93.9,1028.6,58.4
baseline_20260625_004741,baseline,UCIHAR,10,1,0.031303164025302976,684,35.56,6,90.2,1019.8,68.7
baseline_20260625_004741,baseline,UCIHAR,10,2,0.020710027613677084,666,35.75,6,89.2,1029.4,70.1
baseline_20260625_004741,baseline,UCIHAR,10,3,0.027431579941714353,738,40.31,6,90.6,998.0,66.7
baseline_20260625_004741,baseline,UCIHAR,10,4,0.04128870687314442,936,49.7,6,91.6,1026.1,73.5
baseline_20260625_004741,baseline,UCIHAR,10,5,0.027783415986050386,1038,58.6,6,91.9,993.2,72.1
baseline_20260625_004741,baseline,UCIHAR,10,6,0.032026179546776876,864,47.52,6,91.4,1001.3,68.7
baseline_20260625_004741,baseline,UCIHAR,10,7,0.03352039186463047,894,47.69,6,91.2,998.1,70.1
baseline_20260625_004741,baseline,UCIHAR,10,8,0.03150608428820435,954,51.18,6,91.5,995.6,70.1
baseline_20260625_004741,baseline,UCIHAR,10,9,0.035439714252089076,834,46.39,6,90.5,979.6,67.7
baseline_20260625_022759,baseline,UCIHAR,1,0,0.03064984127290939,1254,175.8,6,93.9,1016.1,58.4
baseline_20260625_022759,baseline,UCIHAR,1,1,0.04882625909522176,684,35.69,6,90.1,1009.3,67.7
baseline_20260625_022759,baseline,UCIHAR,1,2,0.030161087960004808,666,35.61,6,89.3,1031.2,70.1
baseline_20260625_022759,baseline,UCIHAR,1,3,0.04619613027369434,738,40.53,6,90.0,1000.0,66.2
baseline_20260625_022759,baseline,UCIHAR,1,4,0.04283882112109235,936,49.68,6,91.7,1022.5,73.0
baseline_20260625_022759,baseline,UCIHAR,1,5,0.051514562030206434,1038,58.55,6,91.9,997.6,72.1
baseline_20260625_022759,baseline,UCIHAR,1,6,0.03081846724335964,864,47.89,6,90.4,1005.0,66.7
baseline_20260625_022759,baseline,UCIHAR,1,7,0.038807792911449306,894,47.86,6,91.2,996.7,70.6
baseline_20260625_022759,baseline,UCIHAR,1,8,0.04697267159021327,954,50.48,6,91.4,995.7,69.1
baseline_20260625_022759,baseline,UCIHAR,1,9,0.03892421274660872,834,46.57,6,91.0,978.7,66.7
baseline_20260625_022759,baseline,UCIHAR,2,0,0.045097250564906155,1254,175.05,6,93.8,1022.7,56.5
baseline_20260625_022759,baseline,UCIHAR,2,1,0.05503160133957863,684,35.55,6,90.0,1021.5,68.2
baseline_20260625_022759,baseline,UCIHAR,2,2,0.04321431652642786,666,35.42,6,90.2,1028.6,70.1
baseline_20260625_022759,baseline,UCIHAR,2,3,0.03480577142909169,738,40.28,6,90.5,995.0,66.2
baseline_20260625_022759,baseline,UCIHAR,2,4,0.03695603174024394,936,49.67,6,91.7,1026.5,73.5
baseline_20260625_022759,baseline,UCIHAR,2,5,0.043067914637504146,1038,58.61,6,91.7,999.4,71.6
baseline_20260625_022759,baseline,UCIHAR,2,6,0.04885141730595093,864,48.0,6,90.1,1005.1,67.7
baseline_20260625_022759,baseline,UCIHAR,2,7,0.03151687727166483,894,47.76,6,91.2,985.8,70.6
baseline_20260625_022759,baseline,UCIHAR,2,8,0.04468140897474119,954,52.0,6,90.6,999.6,71.1
baseline_20260625_022759,baseline,UCIHAR,2,9,0.036491906664405875,834,46.12,6,91.4,978.5,67.7
baseline_20260625_022759,baseline,UCIHAR,3,0,0.03563858830909196,1254,176.35,6,93.7,1029.4,57.5
baseline_20260625_022759,baseline,UCIHAR,3,1,0.03553634965792298,684,35.65,6,89.7,1015.6,67.7
baseline_20260625_022759,baseline,UCIHAR,3,2,0.024652148643508554,666,35.5,6,90.2,1031.7,69.6
baseline_20260625_022759,baseline,UCIHAR,3,3,0.037672316782515154,738,40.37,6,90.5,1001.2,67.2
baseline_20260625_022759,baseline,UCIHAR,3,4,0.030324766678469523,936,49.57,6,91.8,1022.3,73.5
baseline_20260625_022759,baseline,UCIHAR,3,5,0.045671324187424034,1038,58.44,6,92.0,999.9,72.5
baseline_20260625_022759,baseline,UCIHAR,3,6,0.034818219719454646,864,47.7,6,90.9,1000.6,67.7
baseline_20260625_022759,baseline,UCIHAR,3,7,0.0402541862299236,894,47.52,6,91.3,989.9,69.6
baseline_20260625_022759,baseline,UCIHAR,3,8,0.04522850238052862,954,50.73,6,91.5,997.1,70.6
baseline_20260625_022759,baseline,UCIHAR,3,9,0.03665393046461619,834,46.08,6,90.3,977.0,68.7
baseline_20260625_022759,baseline,UCIHAR,4,0,0.028747397205351216,1254,175.51,6,93.9,1026.3,57.5
baseline_20260625_022759,baseline,UCIHAR,4,1,0.04505055798217654,684,35.47,6,90.2,1027.6,67.7
baseline_20260625_022759,baseline,UCIHAR,4,2,0.05058255414478481,666,35.46,6,90.3,1030.5,69.1
baseline_20260625_022759,baseline,UCIHAR,4,3,0.04332521955736659,738,40.28,6,90.6,997.4,66.7
baseline_20260625_022759,baseline,UCIHAR,4,4,0.03647216489272458,936,50.07,6,91.1,1025.3,73.5
baseline_20260625_022759,baseline,UCIHAR,4,5,0.03069457577657886,1038,58.53,6,92.1,1004.3,72.1
baseline_20260625_022759,baseline,UCIHAR,4,6,0.04206033815773061,864,47.68,6,91.3,1006.6,67.2
baseline_20260625_022759,baseline,UCIHAR,4,7,0.04038285886725554,894,47.93,6,90.5,991.2,69.1
baseline_20260625_022759,baseline,UCIHAR,4,8,0.04217147082090378,954,51.07,6,91.4,997.8,71.1
baseline_20260625_022759,baseline,UCIHAR,4,9,0.03739551755671318,834,45.98,6,91.1,980.6,68.7
baseline_20260625_022759,baseline,UCIHAR,5,0,0.02944582210559594,1254,176.95,6,93.4,1027.9,56.5
baseline_20260625_022759,baseline,UCIHAR,5,1,0.03734988449141383,684,35.5,6,89.8,1023.7,67.2
baseline_20260625_022759,baseline,UCIHAR,5,2,0.03567540345247835,666,35.38,6,90.2,1027.8,70.1
baseline_20260625_022759,baseline,UCIHAR,5,3,0.03835242385552688,738,40.31,6,90.6,994.6,66.7
baseline_20260625_022759,baseline,UCIHAR,5,4,0.03683964502332466,936,49.67,6,91.5,1026.6,73.0
baseline_20260625_022759,baseline,UCIHAR,5,5,0.02960860035091173,1038,58.69,6,91.9,999.2,72.1
baseline_20260625_022759,baseline,UCIHAR,5,6,0.021697737025813416,864,47.65,6,91.2,1001.2,68.2
baseline_20260625_022759,baseline,UCIHAR,5,7,0.03877292501811798,894,47.6,6,91.3,994.8,70.1
baseline_20260625_022759,baseline,UCIHAR,5,8,0.04842391390619533,954,51.08,6,91.2,997.6,69.6
baseline_20260625_022759,baseline,UCIHAR,5,9,0.030789486383302853,834,46.21,6,90.7,979.4,67.2
baseline_20260625_022759,baseline,UCIHAR,6,0,0.034810041984249106,1254,174.95,6,94.0,1030.4,56.5
baseline_20260625_022759,baseline,UCIHAR,6,1,0.0418365700636059,684,35.53,6,90.2,1021.6,68.2
baseline_20260625_022759,baseline,UCIHAR,6,2,0.037343137850984934,666,35.44,6,90.0,1030.0,70.1
baseline_20260625_022759,baseline,UCIHAR,6,3,0.04932710244743661,738,40.27,6,90.5,996.7,66.7
baseline_20260625_022759,baseline,UCIHAR,6,4,0.037073020091546435,936,49.83,6,91.4,1002.5,74.0
baseline_20260625_022759,baseline,UCIHAR,6,5,0.0288512105398695,1038,58.73,6,91.9,998.9,71.6
baseline_20260625_022759,baseline,UCIHAR,6,6,0.04769219882571353,864,47.51,6,91.3,1000.3,68.7
baseline_20260625_022759,baseline,UCIHAR,6,7,0.048926732037216425,894,47.68,6,90.9,996.5,70.6
baseline_20260625_022759,baseline,UCIHAR,6,8,0.04029249898823244,954,49.86,6,91.2,988.9,69.6
baseline_20260625_022759,baseline,UCIHAR,6,9,0.03346283837723044,834,45.75,6,91.3,968.3,67.2
baseline_20260625_022759,baseline,UCIHAR,7,0,0.03615301957746085,1254,175.5,6,94.0,1026.6,57.5
baseline_20260625_022759,baseline,UCIHAR,7,1,0.0349479591473937,684,35.46,6,90.1,1000.2,68.2
baseline_20260625_022759,baseline,UCIHAR,7,2,0.028378795785829424,666,35.49,6,90.0,1013.7,69.6
baseline_20260625_022759,baseline,UCIHAR,7,3,0.040005986409431156,738,40.24,6,90.5,995.2,65.7
baseline_20260625_022759,baseline,UCIHAR,7,4,0.04031807570052998,936,49.59,6,91.6,1022.7,74.0
baseline_20260625_022759,baseline,UCIHAR,7,5,0.037670243793400005,1038,58.42,6,91.9,993.9,71.1
baseline_20260625_022759,baseline,UCIHAR,7,6,0.03906367556191981,864,47.6,6,91.3,1002.7,69.1
baseline_20260625_022759,baseline,UCIHAR,7,7,0.04140253662346648,894,47.59,6,91.2,991.6,69.6
baseline_20260625_022759,baseline,UCIHAR,7,8,0.04960012695352946,954,49.78,6,91.4,996.2,70.1
baseline_20260625_022759,baseline,UCIHAR,7,9,0.03598498461696391,834,46.04,6,90.3,975.8,66.7
baseline_20260625_022759,baseline,UCIHAR,8,0,0.034278181234472675,1254,175.41,6,93.9,1029.0,57.0
baseline_20260625_022759,baseline,UCIHAR,8,1,0.041141805984079835,684,35.57,6,90.0,1026.7,66.7
baseline_20260625_022759,baseline,UCIHAR,8,2,0.041596306441351774,666,35.65,6,90.1,1027.3,69.6
baseline_20260625_022759,baseline,UCIHAR,8,3,0.03428273722106083,738,40.41,6,90.5,999.0,66.2
baseline_20260625_022759,baseline,UCIHAR,8,4,0.03142353363468179,936,49.72,6,91.6,1023.2,74.0
baseline_20260625_022759,baseline,UCIHAR,8,5,0.027981274186458904,1038,58.74,6,91.6,997.3,71.6
baseline_20260625_022759,baseline,UCIHAR,8,6,0.03851748591002364,864,47.9,6,90.2,1002.0,68.2
baseline_20260625_022759,baseline,UCIHAR,8,7,0.04629725948549234,894,47.78,6,90.8,993.3,70.6
baseline_20260625_022759,baseline,UCIHAR,8,8,0.033251303946599364,954,51.54,6,91.6,980.1,69.6
baseline_20260625_022759,baseline,UCIHAR,8,9,0.03895020402538089,834,46.1,6,91.4,977.0,67.7
baseline_20260625_022759,baseline,UCIHAR,9,0,0.04047815682440016,1254,175.19,6,93.9,1032.4,58.4
baseline_20260625_022759,baseline,UCIHAR,9,1,0.024386237701401116,684,35.55,6,90.2,1024.9,69.1
baseline_20260625_022759,baseline,UCIHAR,9,2,0.038251482823397964,666,35.4,6,90.2,1030.3,69.1
baseline_20260625_022759,baseline,UCIHAR,9,3,0.034845887683331966,738,40.15,6,90.6,997.5,67.7
baseline_20260625_022759,baseline,UCIHAR,9,4,0.037240820338151286,936,49.9,6,91.2,1032.4,73.0
baseline_20260625_022759,baseline,UCIHAR,9,5,0.03285046904056799,1038,58.84,6,91.6,980.8,71.6
baseline_20260625_022759,baseline,UCIHAR,9,6,0.04238179010840563,864,47.85,6,90.3,1004.9,68.2
baseline_20260625_022759,baseline,UCIHAR,9,7,0.04105075631433955,894,47.85,6,90.5,995.6,69.6
baseline_20260625_022759,baseline,UCIHAR,9,8,0.03534470199208174,954,51.6,6,90.7,978.2,71.1
baseline_20260625_022759,baseline,UCIHAR,9,9,0.03217685108896918,834,45.95,6,91.2,985.1,67.7
baseline_20260625_022759,baseline,UCIHAR,10,0,0.03945170197096702,1254,175.29,6,94.0,1030.3,57.0
baseline_20260625_022759,baseline,UCIHAR,10,1,0.043434539996087554,684,35.39,6,90.2,1018.4,69.1
baseline_20260625_022759,baseline,UCIHAR,10,2,0.0347920578555204,666,35.52,6,90.2,1014.8,69.1
baseline_20260625_022759,baseline,UCIHAR,10,3,0.047820058270272886,738,40.26,6,90.6,989.9,68.2
baseline_20260625_022759,baseline,UCIHAR,10,4,0.03813459271831172,936,50.13,6,90.7,1020.7,73.5
baseline_20260625_022759,baseline,UCIHAR,10,5,0.02609669621233479,1038,59.06,6,90.8,1001.7,72.1
baseline_20260625_022759,baseline,UCIHAR,10,6,0.029759849985846534,864,47.65,6,91.0,1003.6,68.2
baseline_20260625_022759,baseline,UCIHAR,10,7,0.036452824366278946,894,47.58,6,91.3,991.4,70.1
baseline_20260625_022759,baseline,UCIHAR,10,8,0.03575055720284581,954,51.68,6,91.1,986.2,71.1
baseline_20260625_022759,baseline,UCIHAR,10,9,0.04205684234889654,834,46.54,6,90.2,977.9,67.2
optimized_20260624_193237,optimized,UCIHAR,1,0,0.04747172699947106,1254,176.0,6,93.7,1011.2,56.5
optimized_20260624_193237,optimized,UCIHAR,1,1,0.051747449394315484,684,35.54,6,90.2,1013.2,67.7
optimized_20260624_193237,optimized,UCIHAR,1,2,0.044849808467552064,666,35.91,6,89.3,1023.0,68.2
optimized_20260624_193237,optimized,UCIHAR,1,3,0.05004130777987567,738,40.26,6,90.6,976.0,66.7
optimized_20260624_193237,optimized,UCIHAR,1,4,0.05436092262555446,936,49.67,6,91.7,989.4,73.5
optimized_20260624_193237,optimized,UCIHAR,1,5,0.041977549670264125,1038,58.66,6,91.7,990.0,70.6
optimized_20260624_193237,optimized,UCIHAR,1,6,0.038168592091936335,864,45.9,6,91.1,993.8,66.7
optimized_20260624_193237,optimized,UCIHAR,1,7,0.045939091664667316,894,46.95,6,91.2,988.6,69.1
optimized_20260624_193237,optimized,UCIHAR,1,8,0.028995840610670193,954,51.24,6,91.5,973.3,70.6
optimized_20260624_193237,optimized,UCIHAR,1,9,0.03691646028668261,834,45.9,6,91.2,962.7,65.7
optimized_20260624_193237,optimized,UCIHAR,2,0,0.03134213218857583,1254,175.44,6,93.9,1010.1,57.5
optimized_20260624_193237,optimized,UCIHAR,2,1,0.03306809002533555,684,35.53,6,89.8,1017.3,68.2
optimized_20260624_193237,optimized,UCIHAR,2,2,0.03318042140454054,666,35.56,6,89.8,1022.5,69.6
optimized_20260624_193237,optimized,UCIHAR,2,3,0.0394725468094376,738,40.32,6,90.5,987.1,66.2
optimized_20260624_193237,optimized,UCIHAR,2,4,0.041331563144922256,936,49.66,6,91.6,1008.4,73.0
optimized_20260624_193237,optimized,UCIHAR,2,5,0.03020263506914489,1038,57.34,6,91.8,992.1,71.1
optimized_20260624_193237,optimized,UCIHAR,2,6,0.04323545110841783,864,46.74,6,91.1,992.6,68.7
optimized_20260624_193237,optimized,UCIHAR,2,7,0.05410071508958936,894,47.52,6,90.2,988.1,70.1
optimized_20260624_193237,optimized,UCIHAR,2,8,0.04177389919225659,954,51.01,6,91.5,971.3,69.1
optimized_20260624_193237,optimized,UCIHAR,2,9,0.040706872169931345,834,46.06,6,90.1,964.3,67.2
optimized_20260624_193237,optimized,UCIHAR,3,0,0.038517094535851164,1254,176.48,6,93.7,1022.0,56.5
optimized_20260624_193237,optimized,UCIHAR,3,1,0.03828113521449268,684,35.41,6,90.1,994.9,69.6
optimized_20260624_193237,optimized,UCIHAR,3,2,0.034767212928272784,666,35.55,6,89.9,1018.8,69.1
optimized_20260624_193237,optimized,UCIHAR,3,3,0.03330756808546456,738,40.39,6,90.0,983.6,67.2
optimized_20260624_193237,optimized,UCIHAR,3,4,0.04529151742878769,936,49.55,6,91.8,1012.1,74.0
optimized_20260624_193237,optimized,UCIHAR,3,5,0.043622002165648155,1038,58.8,6,91.4,968.0,72.5
optimized_20260624_193237,optimized,UCIHAR,3,6,0.03247173066036059,864,46.9,6,91.0,991.4,68.7
optimized_20260624_193237,optimized,UCIHAR,3,7,0.0453132434676473,894,47.01,6,91.1,996.1,69.6
optimized_20260624_193237,optimized,UCIHAR,3,8,0.03606792878625648,954,51.24,6,91.6,982.2,69.6
optimized_20260624_193237,optimized,UCIHAR,3,9,0.046653743707933105,834,46.16,6,91.1,961.1,67.2
optimized_20260624_193237,optimized,UCIHAR,4,0,0.04495584109405938,1254,174.96,6,93.9,1015.7,56.5
optimized_20260624_193237,optimized,UCIHAR,4,1,0.052786023914814,684,35.71,6,90.0,1011.2,67.2
optimized_20260624_193237,optimized,UCIHAR,4,2,0.03536013071425259,666,35.54,6,90.0,1025.4,68.7
optimized_20260624_193237,optimized,UCIHAR,4,3,0.04228054840033027,738,40.63,6,89.5,986.8,66.2
optimized_20260624_193237,optimized,UCIHAR,4,4,0.04695810344336288,936,49.66,6,91.8,1010.0,74.0
optimized_20260624_193237,optimized,UCIHAR,4,5,0.04295174917206168,1038,58.61,6,91.9,986.1,71.6
optimized_20260624_193237,optimized,UCIHAR,4,6,0.0377408902053363,864,47.3,6,90.1,999.8,67.7
optimized_20260624_193237,optimized,UCIHAR,4,7,0.03757175169168757,894,47.12,6,91.1,994.6,69.6
optimized_20260624_193237,optimized,UCIHAR,4,8,0.043308724981865714,954,51.35,6,91.6,986.5,69.1
optimized_20260624_193237,optimized,UCIHAR,4,9,0.04362470296641382,834,46.02,6,91.4,968.4,67.7
optimized_20260624_193237,optimized,UCIHAR,5,0,0.030217464425061877,1254,175.21,6,93.9,1021.0,57.0
optimized_20260624_193237,optimized,UCIHAR,5,1,0.038263128278777,684,35.86,6,89.4,1015.6,68.7
optimized_20260624_193237,optimized,UCIHAR,5,2,0.036801255657337606,666,35.86,6,89.6,1019.7,69.6
optimized_20260624_193237,optimized,UCIHAR,5,3,0.0415779805784537,738,40.68,6,89.3,978.9,66.7
optimized_20260624_193237,optimized,UCIHAR,5,4,0.03929977271971958,936,49.73,6,91.7,1012.3,72.5
optimized_20260624_193237,optimized,UCIHAR,5,5,0.037676341584301554,1038,57.81,6,91.5,989.0,72.1
optimized_20260624_193237,optimized,UCIHAR,5,6,0.03205209051688703,864,46.89,6,91.2,995.8,68.7
optimized_20260624_193237,optimized,UCIHAR,5,7,0.03258646605536342,894,47.62,6,91.3,990.6,69.6
optimized_20260624_193237,optimized,UCIHAR,5,8,0.03628024645149708,954,51.24,6,91.5,981.2,69.6
optimized_20260624_193237,optimized,UCIHAR,5,9,0.03239694067563575,834,45.95,6,90.4,971.8,66.2
optimized_20260624_193237,optimized,UCIHAR,6,0,0.029757923373070202,1254,175.15,6,94.0,1015.6,57.9
optimized_20260624_193237,optimized,UCIHAR,6,1,0.04022081410512328,684,35.8,6,89.1,1016.4,68.2
optimized_20260624_193237,optimized,UCIHAR,6,2,0.03130569823551923,666,35.86,6,89.2,1021.8,69.6
optimized_20260624_193237,optimized,UCIHAR,6,3,0.031076851893555035,738,40.01,6,90.4,988.1,67.7
optimized_20260624_193237,optimized,UCIHAR,6,4,0.03469486498007817,936,49.68,6,91.6,1010.7,73.0
optimized_20260624_193237,optimized,UCIHAR,6,5,0.03286958401440643,1038,58.19,6,90.8,992.7,71.6
optimized_20260624_193237,optimized,UCIHAR,6,6,0.046095635885229476,864,46.9,6,91.2,996.3,68.2
optimized_20260624_193237,optimized,UCIHAR,6,7,0.03683445946528362,894,47.39,6,90.0,988.6,69.1
optimized_20260624_193237,optimized,UCIHAR,6,8,0.04293001809024385,954,51.3,6,91.6,982.3,69.6
optimized_20260624_193237,optimized,UCIHAR,6,9,0.04258543863677634,834,45.89,6,91.3,966.6,67.7
optimized_20260624_193237,optimized,UCIHAR,7,0,0.04022593065900238,1254,174.97,6,93.9,1017.2,57.0
optimized_20260624_193237,optimized,UCIHAR,7,1,0.04050704445689916,684,35.83,6,89.4,1014.7,68.2
optimized_20260624_193237,optimized,UCIHAR,7,2,0.050550206936895846,666,35.4,6,90.2,1023.9,71.1
optimized_20260624_193237,optimized,UCIHAR,7,3,0.03435082733631134,738,40.46,6,89.9,980.6,67.7
optimized_20260624_193237,optimized,UCIHAR,7,4,0.04646506133888449,936,49.47,6,91.8,1008.2,73.0
optimized_20260624_193237,optimized,UCIHAR,7,5,0.0332409505645046,1038,57.08,6,91.7,969.1,71.1
optimized_20260624_193237,optimized,UCIHAR,7,6,0.030105047160759568,864,46.08,6,90.9,991.4,69.1
optimized_20260624_193237,optimized,UCIHAR,7,7,0.038156647862006836,894,47.01,6,91.2,991.6,69.6
optimized_20260624_193237,optimized,UCIHAR,7,8,0.03647375406165208,954,51.49,6,91.7,985.6,70.1
optimized_20260624_193237,optimized,UCIHAR,7,9,0.034021545810481675,834,45.52,6,91.3,966.8,68.7
optimized_20260624_193237,optimized,UCIHAR,8,0,0.04256839361531954,1254,175.13,6,94.0,1005.4,57.9
optimized_20260624_193237,optimized,UCIHAR,8,1,0.03988132756203413,684,35.84,6,89.3,991.3,68.2
optimized_20260624_193237,optimized,UCIHAR,8,2,0.04111954888794571,666,35.51,6,90.3,1022.8,70.1
optimized_20260624_193237,optimized,UCIHAR,8,3,0.03184019502210007,738,40.21,6,90.5,981.4,67.7
optimized_20260624_193237,optimized,UCIHAR,8,4,0.045780293976089785,936,50.18,6,90.6,1004.7,74.0
optimized_20260624_193237,optimized,UCIHAR,8,5,0.0373196254222421,1038,57.97,6,91.6,989.3,72.1
optimized_20260624_193237,optimized,UCIHAR,8,6,0.021591456311468322,864,47.57,6,91.3,994.1,69.6
optimized_20260624_193237,optimized,UCIHAR,8,7,0.0474932578463967,894,47.46,6,91.2,994.6,69.6
optimized_20260624_193237,optimized,UCIHAR,8,8,0.03045922896957823,954,51.61,6,91.5,980.4,70.1
optimized_20260624_193237,optimized,UCIHAR,8,9,0.03573939000041439,834,45.97,6,91.1,962.3,67.2
optimized_20260624_193237,optimized,UCIHAR,9,0,0.036373142104007695,1254,175.11,6,94.0,1016.4,56.5
optimized_20260624_193237,optimized,UCIHAR,9,1,0.041700710682198404,684,35.87,6,89.3,1019.6,68.2
optimized_20260624_193237,optimized,UCIHAR,9,2,0.03835161046590656,666,35.53,6,90.2,1019.1,69.6
optimized_20260624_193237,optimized,UCIHAR,9,3,0.033594410231506285,738,40.41,6,90.6,988.0,67.7
optimized_20260624_193237,optimized,UCIHAR,9,4,0.043563016124867966,936,49.59,6,91.6,1016.6,73.0
optimized_20260624_193237,optimized,UCIHAR,9,5,0.034880178929597605,1038,58.02,6,92.0,997.5,73.0
optimized_20260624_193237,optimized,UCIHAR,9,6,0.03464894311932417,864,47.98,6,90.3,996.4,69.1
optimized_20260624_193237,optimized,UCIHAR,9,7,0.04333911255861704,894,47.2,6,91.2,964.8,70.1
optimized_20260624_193237,optimized,UCIHAR,9,8,0.036636994153793366,954,51.73,6,90.6,984.9,69.6
optimized_20260624_193237,optimized,UCIHAR,9,9,0.02743639552500099,834,46.37,6,91.3,966.6,67.7
optimized_20260624_193237,optimized,UCIHAR,10,0,0.03228274866399404,1254,175.35,6,94.0,1018.3,57.5
optimized_20260624_193237,optimized,UCIHAR,10,1,0.03351124320179224,684,35.52,6,90.3,1012.6,68.7
optimized_20260624_193237,optimized,UCIHAR,10,2,0.02575725088827312,666,35.53,6,90.1,1016.6,69.6
optimized_20260624_193237,optimized,UCIHAR,10,3,0.0401532124854963,738,40.6,6,89.4,987.2,67.2
optimized_20260624_193237,optimized,UCIHAR,10,4,0.041518697648176124,936,49.6,6,91.7,1012.1,73.0
optimized_20260624_193237,optimized,UCIHAR,10,5,0.026200583088211715,1038,57.46,6,91.7,976.4,71.6
optimized_20260624_193237,optimized,UCIHAR,10,6,0.035686840392792456,864,47.69,6,91.1,997.3,68.2
optimized_20260624_193237,optimized,UCIHAR,10,7,0.03616503171192912,894,47.43,6,91.3,989.7,70.6
optimized_20260624_193237,optimized,UCIHAR,10,8,0.04730874193566186,954,51.62,6,91.6,981.4,70.6
optimized_20260624_193237,optimized,UCIHAR,10,9,0.030359827984984104,834,45.93,6,91.4,959.4,68.2
optimized_20260624_211311,optimized,UCIHAR,1,0,0.04273062689523948,1254,175.37,6,94.0,1004.7,57.5
optimized_20260624_211311,optimized,UCIHAR,1,1,0.049452857673168184,684,35.59,6,90.2,1021.3,68.7
optimized_20260624_211311,optimized,UCIHAR,1,2,0.05051957629621029,666,35.54,6,90.2,1022.6,70.1
optimized_20260624_211311,optimized,UCIHAR,1,3,0.04437915735285391,738,40.24,6,90.6,987.1,67.7
optimized_20260624_211311,optimized,UCIHAR,1,4,0.051340156234800816,936,49.61,6,91.7,1014.0,73.5
optimized_20260624_211311,optimized,UCIHAR,1,5,0.046870866761310026,1038,57.68,6,90.7,994.6,72.1
optimized_20260624_211311,optimized,UCIHAR,1,6,0.0451634329242202,864,48.07,6,90.1,995.8,67.7
optimized_20260624_211311,optimized,UCIHAR,1,7,0.040003577927843884,894,47.65,6,90.8,992.5,68.7
optimized_20260624_211311,optimized,UCIHAR,1,8,0.03468528037358608,954,51.86,6,90.6,987.5,70.1
optimized_20260624_211311,optimized,UCIHAR,1,9,0.03631728429060716,834,46.12,6,91.2,969.3,67.2
optimized_20260624_211311,optimized,UCIHAR,2,0,0.0364301201250208,1254,174.94,6,94.0,1020.8,57.9
optimized_20260624_211311,optimized,UCIHAR,2,1,0.04283634666353464,684,35.5,6,90.0,1021.0,68.2
optimized_20260624_211311,optimized,UCIHAR,2,2,0.049336016084998845,666,35.45,6,90.2,1023.2,71.6
optimized_20260624_211311,optimized,UCIHAR,2,3,0.04328189900314266,738,40.33,6,90.2,984.3,67.2
optimized_20260624_211311,optimized,UCIHAR,2,4,0.05630406418016979,936,50.29,6,90.7,1017.8,74.0
optimized_20260624_211311,optimized,UCIHAR,2,5,0.041507955989800394,1038,57.68,6,92.0,995.0,72.1
optimized_20260624_211311,optimized,UCIHAR,2,6,0.020808953684396468,864,47.89,6,90.8,1000.2,67.2
optimized_20260624_211311,optimized,UCIHAR,2,7,0.048854279618423715,894,47.57,6,91.3,996.5,69.6
optimized_20260624_211311,optimized,UCIHAR,2,8,0.04521616265576865,954,51.48,6,91.3,986.2,70.6
optimized_20260624_211311,optimized,UCIHAR,2,9,0.030477029772905204,834,45.68,6,91.2,971.6,68.2
optimized_20260624_211311,optimized,UCIHAR,3,0,0.04293002224968452,1254,175.62,6,93.9,1021.6,57.9
optimized_20260624_211311,optimized,UCIHAR,3,1,0.04227130450308323,684,35.7,6,89.8,1012.8,68.2
optimized_20260624_211311,optimized,UCIHAR,3,2,0.04797715474851429,666,35.4,6,90.2,1019.4,69.1
optimized_20260624_211311,optimized,UCIHAR,3,3,0.03156438444487073,738,40.3,6,90.5,974.1,66.2
optimized_20260624_211311,optimized,UCIHAR,3,4,0.040739113464951515,936,49.6,6,91.6,1014.0,73.5
optimized_20260624_211311,optimized,UCIHAR,3,5,0.034843376924982294,1038,58.42,6,92.0,994.1,72.5
optimized_20260624_211311,optimized,UCIHAR,3,6,0.040306169575510115,864,47.45,6,91.3,998.5,68.2
optimized_20260624_211311,optimized,UCIHAR,3,7,0.03611849198261133,894,47.68,6,91.2,975.4,69.1
optimized_20260624_211311,optimized,UCIHAR,3,8,0.04100787692836353,954,51.41,6,91.5,986.3,71.1
optimized_20260624_211311,optimized,UCIHAR,3,9,0.036248245813812204,834,45.48,6,91.2,967.1,68.7
optimized_20260624_211311,optimized,UCIHAR,4,0,0.035195923777983376,1254,175.95,6,93.7,1027.5,57.5
optimized_20260624_211311,optimized,UCIHAR,4,1,0.033782310388050976,684,35.53,6,89.9,1014.9,69.6
optimized_20260624_211311,optimized,UCIHAR,4,2,0.015717896446585656,666,35.47,6,90.1,1025.7,71.1
optimized_20260624_211311,optimized,UCIHAR,4,3,0.03629561242732135,738,40.21,6,90.4,983.7,68.7
optimized_20260624_211311,optimized,UCIHAR,4,4,0.04711077764763364,936,49.76,6,91.6,1011.9,74.5
optimized_20260624_211311,optimized,UCIHAR,4,5,0.04365032284113113,1038,58.52,6,90.8,975.0,72.1
optimized_20260624_211311,optimized,UCIHAR,4,6,0.03520321729592979,864,47.87,6,90.5,999.0,69.1
optimized_20260624_211311,optimized,UCIHAR,4,7,0.03693200244854849,894,47.6,6,91.0,996.1,70.1
optimized_20260624_211311,optimized,UCIHAR,4,8,0.03263698714519186,954,51.2,6,91.5,984.0,71.1
optimized_20260624_211311,optimized,UCIHAR,4,9,0.04321070900186896,834,46.03,6,91.4,967.3,68.7
optimized_20260624_211311,optimized,UCIHAR,5,0,0.03553479666037387,1254,175.06,6,94.0,1017.0,57.5
optimized_20260624_211311,optimized,UCIHAR,5,1,0.039076460106298325,684,35.6,6,90.2,1021.1,68.7
optimized_20260624_211311,optimized,UCIHAR,5,2,0.045070319715887305,666,35.47,6,90.2,1025.7,70.6
optimized_20260624_211311,optimized,UCIHAR,5,3,0.04578023395416411,738,40.57,6,89.7,987.4,67.7
optimized_20260624_211311,optimized,UCIHAR,5,4,0.038058175605588725,936,49.52,6,91.6,1017.9,74.0
optimized_20260624_211311,optimized,UCIHAR,5,5,0.035560909353080206,1038,57.83,6,91.8,992.8,72.5
optimized_20260624_211311,optimized,UCIHAR,5,6,0.036158414593396276,864,48.12,6,90.1,998.1,68.7
optimized_20260624_211311,optimized,UCIHAR,5,7,0.030330468596030887,894,47.86,6,90.6,992.7,70.1
optimized_20260624_211311,optimized,UCIHAR,5,8,0.03338057354890874,954,51.55,6,91.1,986.2,70.1
optimized_20260624_211311,optimized,UCIHAR,5,9,0.029777013660910037,834,45.56,6,91.4,973.8,67.7
optimized_20260624_211311,optimized,UCIHAR,6,0,0.034067244416004734,1254,176.85,6,93.4,1018.5,57.9
optimized_20260624_211311,optimized,UCIHAR,6,1,0.03576837638393045,684,35.55,6,90.2,1020.8,68.7
optimized_20260624_211311,optimized,UCIHAR,6,2,0.02265098800417036,666,35.54,6,90.2,1029.6,70.6
optimized_20260624_211311,optimized,UCIHAR,6,3,0.04826011394404552,738,40.22,6,90.5,987.2,67.7
optimized_20260624_211311,optimized,UCIHAR,6,4,0.036979088825838904,936,49.81,6,91.3,1011.9,73.5
optimized_20260624_211311,optimized,UCIHAR,6,5,0.032770752543001436,1038,57.56,6,91.8,996.6,72.1
optimized_20260624_211311,optimized,UCIHAR,6,6,0.03121945491203895,864,47.64,6,91.2,1002.3,68.7
optimized_20260624_211311,optimized,UCIHAR,6,7,0.03546712780371308,894,47.88,6,90.3,994.9,69.6
optimized_20260624_211311,optimized,UCIHAR,6,8,0.03523867836754237,954,51.46,6,91.6,983.4,71.1
optimized_20260624_211311,optimized,UCIHAR,6,9,0.03955127907773623,834,45.75,6,91.2,968.2,67.2
optimized_20260624_211311,optimized,UCIHAR,7,0,0.023924313461113917,1254,176.26,6,93.6,1017.0,57.5
optimized_20260624_211311,optimized,UCIHAR,7,1,0.04305921997874975,684,35.73,6,89.4,1017.5,68.2
optimized_20260624_211311,optimized,UCIHAR,7,2,0.037806125823408365,666,35.91,6,89.3,1003.7,71.1
optimized_20260624_211311,optimized,UCIHAR,7,3,0.029473619323901155,738,40.46,6,90.2,988.2,68.2
optimized_20260624_211311,optimized,UCIHAR,7,4,0.03788467829248735,936,49.52,6,91.7,1002.9,73.5
optimized_20260624_211311,optimized,UCIHAR,7,5,0.045220309126307257,1038,58.65,6,92.0,996.4,72.5
optimized_20260624_211311,optimized,UCIHAR,7,6,0.040605296434548036,864,47.62,6,91.2,997.0,68.2
optimized_20260624_211311,optimized,UCIHAR,7,7,0.040032996939351924,894,47.63,6,90.9,978.3,68.7
optimized_20260624_211311,optimized,UCIHAR,7,8,0.04771312123297581,954,51.5,6,91.5,980.8,70.6
optimized_20260624_211311,optimized,UCIHAR,7,9,0.03941872604907705,834,45.94,6,91.3,972.1,68.2
optimized_20260624_223718,optimized,UCIHAR,1,0,0.041566671558508746,1254,175.5,6,93.9,1023.1,56.5
optimized_20260624_223718,optimized,UCIHAR,1,1,0.05209482964128256,684,36.0,6,89.3,1026.4,66.7
optimized_20260624_223718,optimized,UCIHAR,1,2,0.02583600962534547,666,35.45,6,90.2,1025.5,68.2
optimized_20260624_223718,optimized,UCIHAR,1,3,0.035413205877623775,738,40.23,6,90.4,985.8,64.3
optimized_20260624_223718,optimized,UCIHAR,1,4,0.052127426490187645,936,49.63,6,91.8,1017.6,71.1
optimized_20260624_223718,optimized,UCIHAR,1,5,0.048052323632873595,1038,58.69,6,91.9,992.3,69.1
optimized_20260624_223718,optimized,UCIHAR,1,6,0.045977460829397805,864,47.78,6,90.7,1006.6,64.8
optimized_20260624_223718,optimized,UCIHAR,1,7,0.04845358782376234,894,48.3,6,90.1,998.0,66.7
optimized_20260624_223718,optimized,UCIHAR,1,8,0.048686463851481676,954,52.0,6,90.3,989.7,67.2
optimized_20260624_223718,optimized,UCIHAR,1,9,0.03213714779569553,834,46.19,6,91.1,970.2,65.2
optimized_20260624_223718,optimized,UCIHAR,2,0,0.037693896723028864,1254,175.36,6,94.0,1017.9,57.9
optimized_20260624_223718,optimized,UCIHAR,2,1,0.033348110504448414,684,35.5,6,90.3,1019.8,66.7
optimized_20260624_223718,optimized,UCIHAR,2,2,0.03303372592199594,666,35.7,6,90.0,1025.8,68.7
optimized_20260624_223718,optimized,UCIHAR,2,3,0.04654516677626155,738,40.22,6,90.5,989.9,67.2
optimized_20260624_223718,optimized,UCIHAR,2,4,0.04458079533651471,936,49.61,6,91.6,1015.7,73.0
optimized_20260624_223718,optimized,UCIHAR,2,5,0.037892264779657125,1038,58.6,6,92.1,984.8,72.1
optimized_20260624_223718,optimized,UCIHAR,2,6,0.04298880209143345,864,47.98,6,90.3,1000.8,68.2
optimized_20260624_223718,optimized,UCIHAR,2,7,0.03485662998774877,894,47.61,6,91.3,993.9,68.7
optimized_20260624_223718,optimized,UCIHAR,2,8,0.04855605560754027,954,51.23,6,91.7,988.2,69.6
optimized_20260624_223718,optimized,UCIHAR,2,9,0.038820009356221326,834,45.8,6,91.4,973.3,67.7
optimized_20260624_235552,optimized,UCIHAR,1,0,0.03932580400846506,1254,175.38,6,93.9,1032.0,57.5
optimized_20260624_235552,optimized,UCIHAR,1,1,0.044249887391924855,684,35.47,6,90.1,1022.6,67.7
optimized_20260624_235552,optimized,UCIHAR,1,2,0.042497591977007684,666,35.44,6,90.2,1026.5,69.1
optimized_20260624_235552,optimized,UCIHAR,1,3,0.04567767061631788,738,40.72,6,89.5,996.8,66.7
optimized_20260624_235552,optimized,UCIHAR,1,4,0.0515755723629679,936,49.76,6,91.4,1023.4,73.5
optimized_20260624_235552,optimized,UCIHAR,1,5,0.03756811874336563,1038,58.57,6,91.7,995.7,71.6
optimized_20260624_235552,optimized,UCIHAR,1,6,0.04459849845331449,864,47.79,6,91.3,1001.5,68.2
optimized_20260624_235552,optimized,UCIHAR,1,7,0.04885097313672304,894,47.57,6,91.2,1002.6,69.1
optimized_20260624_235552,optimized,UCIHAR,1,8,0.04473382321053317,954,51.43,6,91.6,988.7,69.1
optimized_20260624_235552,optimized,UCIHAR,1,9,0.030525331385433674,834,45.81,6,91.4,969.4,67.2
optimized_20260624_235552,optimized,UCIHAR,2,0,0.046496670889227015,1254,175.26,6,93.9,1025.5,57.0
optimized_20260624_235552,optimized,UCIHAR,2,1,0.041060107108205554,684,35.93,6,89.4,1022.1,68.2
optimized_20260624_235552,optimized,UCIHAR,2,2,0.011886172275990248,666,35.59,6,90.3,1030.2,68.7
optimized_20260624_235552,optimized,UCIHAR,2,3,0.026210634799843483,738,40.17,6,90.6,990.4,66.2
optimized_20260624_235552,optimized,UCIHAR,2,4,0.036998685116746595,936,50.19,6,90.5,1021.1,73.0
optimized_20260624_235552,optimized,UCIHAR,2,5,0.037260118406265974,1038,59.13,6,90.9,996.5,71.1
optimized_20260624_235552,optimized,UCIHAR,2,6,0.05423496896401048,864,47.88,6,90.5,1000.8,68.2
optimized_20260624_235552,optimized,UCIHAR,2,7,0.04532949708831998,894,47.55,6,90.9,1000.3,70.1
optimized_20260624_235552,optimized,UCIHAR,2,8,0.045173437401120155,954,51.32,6,91.5,992.4,70.1
optimized_20260624_235552,optimized,UCIHAR,2,9,0.033250854386446566,834,46.51,6,90.4,971.5,65.7
optimized_20260624_235552,optimized,UCIHAR,3,0,0.04314707415668588,1254,175.81,6,93.8,1022.3,57.9
optimized_20260624_235552,optimized,UCIHAR,3,1,0.047809031419456006,684,35.42,6,90.3,1020.0,68.2
optimized_20260624_235552,optimized,UCIHAR,3,2,0.03793154682498425,666,35.52,6,90.2,1025.4,68.7
optimized_20260624_235552,optimized,UCIHAR,3,3,0.040228023786436425,738,40.19,6,90.6,986.9,68.7
optimized_20260624_235552,optimized,UCIHAR,3,4,0.03188363928347826,936,49.69,6,91.7,1002.1,74.0
optimized_20260624_235552,optimized,UCIHAR,3,5,0.04233239586756099,1038,58.54,6,92.0,995.3,72.5
optimized_20260624_235552,optimized,UCIHAR,3,6,0.03873619827656792,864,47.65,6,91.0,1003.1,69.1
optimized_20260624_235552,optimized,UCIHAR,3,7,0.04179031973203214,894,48.03,6,90.2,998.7,69.1
optimized_20260624_235552,optimized,UCIHAR,3,8,0.036798727964716296,954,51.72,6,90.5,993.9,69.6
optimized_20260624_235552,optimized,UCIHAR,3,9,0.044512609378076516,834,45.92,6,91.3,971.5,67.2
optimized_20260624_235552,optimized,UCIHAR,4,0,0.04113533641946943,1254,175.34,6,94.0,1020.5,57.5
optimized_20260624_235552,optimized,UCIHAR,4,1,0.034773871675133704,684,35.59,6,89.8,1024.6,68.7
optimized_20260624_235552,optimized,UCIHAR,4,2,0.01820935299620032,666,35.66,6,89.9,1023.7,69.1
optimized_20260624_235552,optimized,UCIHAR,4,3,0.026334802704778584,738,40.64,6,89.6,989.7,67.2
optimized_20260624_235552,optimized,UCIHAR,4,4,0.041673711234969754,936,49.54,6,91.7,1031.0,73.5
optimized_20260624_235552,optimized,UCIHAR,4,5,0.04300240057636984,1038,58.46,6,92.1,992.3,72.5
optimized_20260624_235552,optimized,UCIHAR,4,6,0.04236951210679343,864,48.15,6,90.0,1001.2,67.2
optimized_20260624_235552,optimized,UCIHAR,4,7,0.02791704860730813,894,47.88,6,91.0,998.0,69.6
optimized_20260624_235552,optimized,UCIHAR,4,8,0.05287598193223987,954,51.32,6,91.6,992.9,69.6
optimized_20260624_235552,optimized,UCIHAR,4,9,0.03132426402030083,834,45.94,6,91.4,971.5,67.7
optimized_20260624_235552,optimized,UCIHAR,5,0,0.037008487386628985,1254,175.47,6,93.9,1028.0,57.5
optimized_20260624_235552,optimized,UCIHAR,5,1,0.04571262681856751,684,35.66,6,89.8,998.2,66.7
optimized_20260624_235552,optimized,UCIHAR,5,2,0.035332456580363214,666,35.46,6,90.4,1032.2,70.1
optimized_20260624_235552,optimized,UCIHAR,5,3,0.033616406081075016,738,40.29,6,90.5,991.5,66.7
optimized_20260624_235552,optimized,UCIHAR,5,4,0.04200344715666558,936,49.68,6,91.7,1016.4,74.5
optimized_20260624_235552,optimized,UCIHAR,5,5,0.032783574184577446,1038,58.62,6,92.0,991.8,71.1
optimized_20260624_235552,optimized,UCIHAR,5,6,0.028035589816192023,864,47.54,6,91.3,997.3,68.7
optimized_20260624_235552,optimized,UCIHAR,5,7,0.03561143387252322,894,47.61,6,91.1,995.8,70.1
optimized_20260624_235552,optimized,UCIHAR,5,8,0.041951264653887065,954,51.38,6,91.6,997.0,70.6
optimized_20260624_235552,optimized,UCIHAR,5,9,0.025601176724124413,834,46.68,6,90.2,971.5,66.2
optimized_20260624_235552,optimized,UCIHAR,6,0,0.03935378365904877,1254,176.73,6,93.4,1021.1,57.5
optimized_20260624_235552,optimized,UCIHAR,6,1,0.05300338654778898,684,35.85,6,89.3,1020.5,69.1
optimized_20260624_235552,optimized,UCIHAR,6,2,0.026117815054021776,666,35.4,6,90.2,1028.4,69.6
optimized_20260624_235552,optimized,UCIHAR,6,3,0.03718967335721986,738,40.32,6,90.1,990.1,65.7
optimized_20260624_235552,optimized,UCIHAR,6,4,0.0530371831596962,936,49.6,6,91.7,1017.7,73.5
optimized_20260624_235552,optimized,UCIHAR,6,5,0.03277727593376767,1038,58.51,6,92.0,992.4,72.1
optimized_20260624_235552,optimized,UCIHAR,6,6,0.03933315396380539,864,47.6,6,91.2,997.7,68.7
optimized_20260624_235552,optimized,UCIHAR,6,7,0.04588320189549659,894,47.74,6,90.7,1000.1,69.1
optimized_20260624_235552,optimized,UCIHAR,6,8,0.03063966034512435,954,51.51,6,91.3,990.5,71.1
optimized_20260624_235552,optimized,UCIHAR,6,9,0.037073557963594794,834,46.06,6,91.3,970.0,66.7
optimized_20260624_235552,optimized,UCIHAR,7,0,0.04642616330008758,1254,175.19,6,93.9,1022.5,56.5
optimized_20260624_235552,optimized,UCIHAR,7,1,0.04188216282054782,684,35.95,6,89.3,1023.0,68.7
optimized_20260624_235552,optimized,UCIHAR,7,2,0.031146418035496025,666,35.85,6,89.2,1024.4,69.6
optimized_20260624_235552,optimized,UCIHAR,7,3,0.019845440602776678,738,40.33,6,90.2,993.5,67.2
optimized_20260624_235552,optimized,UCIHAR,7,4,0.04497479693964124,936,49.68,6,91.6,1028.9,74.5
optimized_20260624_235552,optimized,UCIHAR,7,5,0.0298606606957037,1038,58.74,6,91.4,994.5,71.6
optimized_20260624_235552,optimized,UCIHAR,7,6,0.03583618038548873,864,47.64,6,91.2,1000.5,69.1
optimized_20260624_235552,optimized,UCIHAR,7,7,0.03941614547959314,894,47.57,6,91.2,1001.3,69.6
optimized_20260624_235552,optimized,UCIHAR,7,8,0.046702317028705566,954,51.4,6,91.5,988.0,70.6
optimized_20260624_235552,optimized,UCIHAR,7,9,0.03715154324443294,834,45.86,6,91.4,980.0,67.2
optimized_20260624_235552,optimized,UCIHAR,8,0,0.04286973778844664,1254,175.44,6,93.9,1027.4,57.0
optimized_20260624_235552,optimized,UCIHAR,8,1,0.03047083900310099,684,35.43,6,90.1,1027.3,68.2
optimized_20260624_235552,optimized,UCIHAR,8,2,0.03832950212527066,666,35.57,6,89.9,1028.3,69.6
optimized_20260624_235552,optimized,UCIHAR,8,3,0.02930195558689196,738,40.3,6,90.5,997.0,67.7
optimized_20260624_235552,optimized,UCIHAR,8,4,0.03648267174139619,936,49.66,6,91.6,1018.9,74.5
optimized_20260624_235552,optimized,UCIHAR,8,5,0.03785657665139297,1038,58.54,6,91.9,995.1,73.0
optimized_20260624_235552,optimized,UCIHAR,8,6,0.026503829966084316,864,47.54,6,91.2,1003.6,69.1
optimized_20260624_235552,optimized,UCIHAR,8,7,0.03616303042508662,894,47.45,6,91.3,997.2,69.6
optimized_20260624_235552,optimized,UCIHAR,8,8,0.0376905827516956,954,50.82,6,91.6,990.0,69.6
optimized_20260624_235552,optimized,UCIHAR,8,9,0.02992563508450985,834,46.64,6,90.3,971.8,67.7
optimized_20260624_235552,optimized,UCIHAR,9,0,0.034067320980523765,1254,175.45,6,93.9,1023.3,57.9
optimized_20260624_235552,optimized,UCIHAR,9,1,0.04415519423782825,684,35.91,6,89.4,1019.7,68.2
optimized_20260624_235552,optimized,UCIHAR,9,2,0.03465519547462463,666,35.39,6,90.1,1026.1,70.6
optimized_20260624_235552,optimized,UCIHAR,9,3,0.04005111855539409,738,40.32,6,90.2,992.4,67.2
optimized_20260624_235552,optimized,UCIHAR,9,4,0.03116898444880332,936,49.77,6,91.1,1019.4,74.0
optimized_20260624_235552,optimized,UCIHAR,9,5,0.04082720525912009,1038,58.43,6,92.1,993.9,72.1
optimized_20260624_235552,optimized,UCIHAR,9,6,0.027617018311642684,864,47.52,6,91.2,999.6,69.1
optimized_20260624_235552,optimized,UCIHAR,9,7,0.03797013060046503,894,47.58,6,91.3,995.8,70.1
optimized_20260624_235552,optimized,UCIHAR,9,8,0.03126786968537739,954,51.07,6,91.6,996.1,70.6
optimized_20260624_235552,optimized,UCIHAR,9,9,0.04323486367670389,834,46.08,6,91.4,977.0,67.7
optimized_20260624_235552,optimized,UCIHAR,10,0,0.038359630080920304,1254,174.98,6,93.9,1023.3,57.9
optimized_20260624_235552,optimized,UCIHAR,10,1,0.0280317293247208,684,35.44,6,90.2,1019.6,67.7
optimized_20260624_235552,optimized,UCIHAR,10,2,0.027626058529131116,666,35.4,6,90.2,1024.6,69.6
optimized_20260624_235552,optimized,UCIHAR,10,3,0.03275177905082025,738,40.45,6,90.3,991.8,68.2
optimized_20260624_235552,optimized,UCIHAR,10,4,0.051800479513726065,936,49.5,6,91.7,1018.3,73.5
optimized_20260624_235552,optimized,UCIHAR,10,5,0.03837052597373258,1038,58.46,6,91.7,989.4,71.6
optimized_20260624_235552,optimized,UCIHAR,10,6,0.03973547166858155,864,47.62,6,91.3,1004.2,68.2
optimized_20260624_235552,optimized,UCIHAR,10,7,0.020549682022717137,894,47.61,6,91.3,977.4,70.1
optimized_20260624_235552,optimized,UCIHAR,10,8,0.043538989299642186,954,50.87,6,91.4,995.2,70.1
optimized_20260624_235552,optimized,UCIHAR,10,9,0.03299099103046151,834,46.35,6,91.4,970.2,67.7
optimized_20260625_013826,optimized,UCIHAR,1,0,0.03469493531769043,1254,176.2,6,93.8,1030.5,56.5
optimized_20260625_013826,optimized,UCIHAR,1,1,0.0413613841868937,684,35.63,6,89.9,1024.0,67.7
optimized_20260625_013826,optimized,UCIHAR,1,2,0.041909616393968466,666,35.47,6,90.2,1031.7,70.1
optimized_20260625_013826,optimized,UCIHAR,1,3,0.05201887415552681,738,40.21,6,90.5,998.9,66.2
optimized_20260625_013826,optimized,UCIHAR,1,4,0.04272966552525759,936,49.63,6,91.6,1025.6,73.5
optimized_20260625_013826,optimized,UCIHAR,1,5,0.03429147516726516,1038,58.55,6,92.0,980.6,71.6
optimized_20260625_013826,optimized,UCIHAR,1,6,0.03339110296935989,864,47.6,6,91.2,1006.8,68.2
optimized_20260625_013826,optimized,UCIHAR,1,7,0.05070041746904071,894,47.96,6,91.3,979.6,69.1
optimized_20260625_013826,optimized,UCIHAR,1,8,0.047454271864678176,954,50.88,6,90.9,998.6,68.7
optimized_20260625_013826,optimized,UCIHAR,1,9,0.04637992036385605,834,46.16,6,91.1,978.0,67.7
optimized_20260625_013826,optimized,UCIHAR,2,0,0.04352715741352815,1254,175.27,6,93.9,1027.9,57.0
optimized_20260625_013826,optimized,UCIHAR,2,1,0.03541633985005319,684,35.55,6,89.9,1026.9,67.7
optimized_20260625_013826,optimized,UCIHAR,2,2,0.04918836690485477,666,35.53,6,89.9,1027.2,68.7
optimized_20260625_013826,optimized,UCIHAR,2,3,0.041502763009206814,738,40.27,6,90.7,994.7,68.2
optimized_20260625_013826,optimized,UCIHAR,2,4,0.042766117956489325,936,50.26,6,90.6,1024.8,72.5
optimized_20260625_013826,optimized,UCIHAR,2,5,0.039298951713135466,1038,58.7,6,91.7,995.2,72.5
optimized_20260625_013826,optimized,UCIHAR,2,6,0.03324384315727422,864,47.57,6,91.4,981.2,68.2
optimized_20260625_013826,optimized,UCIHAR,2,7,0.04460791931845821,894,47.86,6,90.2,993.6,70.1
optimized_20260625_013826,optimized,UCIHAR,2,8,0.043563441040792635,954,50.26,6,91.4,992.6,70.6
optimized_20260625_013826,optimized,UCIHAR,2,9,0.04750334381913909,834,45.86,6,91.3,968.8,68.7
optimized_20260625_013826,optimized,UCIHAR,3,0,0.046789290604034535,1254,175.56,6,93.9,1029.3,57.0
optimized_20260625_013826,optimized,UCIHAR,3,1,0.02819423135370016,684,35.49,6,90.2,1022.6,68.7
optimized_20260625_013826,optimized,UCIHAR,3,2,0.029627702105790375,666,35.46,6,90.3,1031.5,69.6
optimized_20260625_013826,optimized,UCIHAR,3,3,0.045952673578126865,738,40.19,6,90.5,992.3,67.2
optimized_20260625_013826,optimized,UCIHAR,3,4,0.03426128552694406,936,50.19,6,90.7,1019.7,74.0
optimized_20260625_013826,optimized,UCIHAR,3,5,0.048380146734416485,1038,58.59,6,91.9,995.1,71.1
optimized_20260625_013826,optimized,UCIHAR,3,6,0.046498870118879355,864,47.54,6,91.3,1000.6,68.2
optimized_20260625_013826,optimized,UCIHAR,3,7,0.03807331302848,894,47.74,6,91.2,991.4,69.1
optimized_20260625_013826,optimized,UCIHAR,3,8,0.04336304483669145,954,51.17,6,91.3,991.6,69.6
optimized_20260625_013826,optimized,UCIHAR,3,9,0.036242305766791105,834,46.82,6,90.0,955.5,66.2
optimized_20260625_013826,optimized,UCIHAR,4,0,0.04455501985687174,1254,175.27,6,94.0,1029.1,57.5
optimized_20260625_013826,optimized,UCIHAR,4,1,0.04629559312015772,684,35.56,6,90.2,1022.0,68.7
optimized_20260625_013826,optimized,UCIHAR,4,2,0.04627840092871338,666,35.7,6,89.3,1032.9,69.6
optimized_20260625_013826,optimized,UCIHAR,4,3,0.033321243012323976,738,40.24,6,90.5,997.7,66.7
optimized_20260625_013826,optimized,UCIHAR,4,4,0.04690667301682489,936,49.68,6,91.7,1016.4,73.5
optimized_20260625_013826,optimized,UCIHAR,4,5,0.0342677223670762,1038,58.51,6,92.1,995.0,72.1
optimized_20260625_013826,optimized,UCIHAR,4,6,0.03637841811331992,864,47.36,6,91.3,1004.6,68.2
optimized_20260625_013826,optimized,UCIHAR,4,7,0.03621859631787699,894,47.81,6,90.7,987.6,70.1
optimized_20260625_013826,optimized,UCIHAR,4,8,0.042663518605487685,954,50.87,6,91.1,992.9,71.1
optimized_20260625_013826,optimized,UCIHAR,4,9,0.028829857133902036,834,46.21,6,91.2,973.1,67.2
optimized_20260625_013826,optimized,UCIHAR,5,0,0.04339152730168089,1254,175.4,6,94.0,1029.5,57.0
optimized_20260625_013826,optimized,UCIHAR,5,1,0.04383414341136813,684,35.52,6,90.3,1015.1,68.2
optimized_20260625_013826,optimized,UCIHAR,5,2,0.04058669686783105,666,35.47,6,90.1,1029.2,69.6
optimized_20260625_013826,optimized,UCIHAR,5,3,0.03598969615995884,738,40.15,6,90.6,994.1,67.2
optimized_20260625_013826,optimized,UCIHAR,5,4,0.050397924546684535,936,49.59,6,91.7,1023.1,73.0
optimized_20260625_013826,optimized,UCIHAR,5,5,0.032326213229680434,1038,58.65,6,91.9,1001.2,71.6
optimized_20260625_013826,optimized,UCIHAR,5,6,0.044810889002222284,864,47.79,6,90.5,1003.3,68.7
optimized_20260625_013826,optimized,UCIHAR,5,7,0.02771590121735174,894,47.83,6,90.9,992.9,69.6
optimized_20260625_013826,optimized,UCIHAR,5,8,0.03683562736426081,954,50.05,6,91.3,993.1,69.6
optimized_20260625_013826,optimized,UCIHAR,5,9,0.0314396157538375,834,46.12,6,90.6,972.0,67.7
optimized_20260625_013826,optimized,UCIHAR,6,0,0.049452976127596276,1254,175.74,6,93.7,1027.8,57.5
optimized_20260625_013826,optimized,UCIHAR,6,1,0.04933161968365311,684,35.29,6,90.1,1024.2,68.2
optimized_20260625_013826,optimized,UCIHAR,6,2,0.03295440304791555,666,35.67,6,90.2,1027.5,69.6
optimized_20260625_013826,optimized,UCIHAR,6,3,0.03826597970063714,738,40.34,6,90.5,994.6,67.2
optimized_20260625_013826,optimized,UCIHAR,6,4,0.036659130294408114,936,49.6,6,91.7,1004.9,73.5
optimized_20260625_013826,optimized,UCIHAR,6,5,0.03369877928344067,1038,58.9,6,91.0,994.5,71.6
optimized_20260625_013826,optimized,UCIHAR,6,6,0.04290756955742836,864,47.71,6,91.0,1005.1,69.1
optimized_20260625_013826,optimized,UCIHAR,6,7,0.03392751006266245,894,48.09,6,90.2,992.9,70.1
optimized_20260625_013826,optimized,UCIHAR,6,8,0.035714261300329654,954,50.81,6,91.4,995.5,69.6
optimized_20260625_013826,optimized,UCIHAR,6,9,0.03216034960216628,834,45.82,6,91.3,954.7,67.7
optimized_20260625_013826,optimized,UCIHAR,7,0,0.038838437096656936,1254,176.22,6,93.7,1029.6,57.5
optimized_20260625_013826,optimized,UCIHAR,7,1,0.028548142360523342,684,35.98,6,89.2,1022.1,68.2
optimized_20260625_013826,optimized,UCIHAR,7,2,0.03472116971388459,666,35.39,6,90.2,1031.9,69.1
optimized_20260625_013826,optimized,UCIHAR,7,3,0.04697256344793872,738,40.62,6,89.5,989.7,66.7
optimized_20260625_013826,optimized,UCIHAR,7,4,0.04405619656401021,936,49.77,6,91.7,1021.1,74.0
optimized_20260625_013826,optimized,UCIHAR,7,5,0.030945434351451695,1038,58.51,6,92.0,996.1,72.1
optimized_20260625_013826,optimized,UCIHAR,7,6,0.04036656621162994,864,47.77,6,90.6,1004.8,68.2
optimized_20260625_013826,optimized,UCIHAR,7,7,0.03289392753504217,894,47.77,6,90.7,992.2,70.1
optimized_20260625_013826,optimized,UCIHAR,7,8,0.04099608086315649,954,50.46,6,91.5,996.8,69.6
optimized_20260625_013826,optimized,UCIHAR,7,9,0.03767152011501961,834,46.4,6,90.4,975.5,67.7
optimized_20260625_013826,optimized,UCIHAR,8,0,0.03142963962531403,1254,175.14,6,93.9,1030.0,56.0
optimized_20260625_013826,optimized,UCIHAR,8,1,0.0465094443410635,684,35.8,6,89.2,1009.1,68.2
optimized_20260625_013826,optimized,UCIHAR,8,2,0.035002276697196064,666,35.44,6,90.2,1027.7,69.1
optimized_20260625_013826,optimized,UCIHAR,8,3,0.0368578404780816,738,40.3,6,90.6,994.5,67.2
optimized_20260625_013826,optimized,UCIHAR,8,4,0.037208722405401726,936,49.49,6,91.7,1023.8,73.0
optimized_20260625_013826,optimized,UCIHAR,8,5,0.028732265687722247,1038,58.81,6,91.7,999.3,71.6
optimized_20260625_013826,optimized,UCIHAR,8,6,0.03406102778031849,864,47.68,6,91.4,1002.6,70.1
optimized_20260625_013826,optimized,UCIHAR,8,7,0.03584067441093234,894,47.62,6,91.3,996.0,69.6
optimized_20260625_013826,optimized,UCIHAR,8,8,0.029151674626129016,954,51.05,6,91.5,998.3,70.1
optimized_20260625_013826,optimized,UCIHAR,8,9,0.03275905696388621,834,46.45,6,90.5,973.5,67.7
optimized_20260625_013826,optimized,UCIHAR,9,0,0.033158398135320136,1254,176.67,6,93.5,1027.0,57.0
optimized_20260625_013826,optimized,UCIHAR,9,1,0.024970216723158956,684,35.45,6,90.3,1000.0,68.2
optimized_20260625_013826,optimized,UCIHAR,9,2,0.034229936252813786,666,35.49,6,90.1,1028.7,69.1
optimized_20260625_013826,optimized,UCIHAR,9,3,0.028167153856801717,738,40.34,6,90.6,993.6,67.2
optimized_20260625_013826,optimized,UCIHAR,9,4,0.035646191598581414,936,49.67,6,91.4,1025.0,73.5
optimized_20260625_013826,optimized,UCIHAR,9,5,0.03188889268494677,1038,58.63,6,91.8,1001.4,71.1
optimized_20260625_013826,optimized,UCIHAR,9,6,0.03355247504077852,864,47.57,6,91.3,999.4,68.2
optimized_20260625_013826,optimized,UCIHAR,9,7,0.03176312648261396,894,47.53,6,91.3,993.5,71.1
optimized_20260625_013826,optimized,UCIHAR,9,8,0.028844013277973448,954,50.8,6,91.0,996.0,70.6
optimized_20260625_013826,optimized,UCIHAR,9,9,0.040869900956749916,834,46.53,6,90.5,970.8,67.7
optimized_20260625_013826,optimized,UCIHAR,10,0,0.03504708419112783,1254,175.17,6,94.0,1031.9,56.5
optimized_20260625_013826,optimized,UCIHAR,10,1,0.03057369403541088,684,35.95,6,89.1,1022.7,69.1
optimized_20260625_013826,optimized,UCIHAR,10,2,0.029165903129614888,666,35.49,6,90.3,1026.7,69.6
optimized_20260625_013826,optimized,UCIHAR,10,3,0.050214684145017105,738,40.35,6,90.5,993.2,67.7
optimized_20260625_013826,optimized,UCIHAR,10,4,0.03850883568104889,936,49.71,6,91.6,1020.7,73.0
optimized_20260625_013826,optimized,UCIHAR,10,5,0.03201403049752116,1038,58.54,6,91.7,999.9,72.1
optimized_20260625_013826,optimized,UCIHAR,10,6,0.04018108097191613,864,47.48,6,91.2,983.4,68.7
optimized_20260625_013826,optimized,UCIHAR,10,7,0.036925336551995806,894,47.82,6,90.7,993.9,71.1
optimized_20260625_013826,optimized,UCIHAR,10,8,0.04468349613515394,954,49.88,6,91.4,991.0,70.1
optimized_20260625_013826,optimized,UCIHAR,10,9,0.03405725307619342,834,46.52,6,90.1,972.4,67.7
optimized_20260625_031814,optimized,UCIHAR,1,0,0.04405860492567483,1254,175.85,6,93.9,1032.9,56.0
optimized_20260625_031814,optimized,UCIHAR,1,1,0.0448899389244616,684,35.4,6,90.1,1027.3,67.7
optimized_20260625_031814,optimized,UCIHAR,1,2,0.0283039603382349,666,35.85,6,89.3,1035.1,69.1
optimized_20260625_031814,optimized,UCIHAR,1,3,0.03967454783957113,738,40.21,6,90.7,989.6,66.7
optimized_20260625_031814,optimized,UCIHAR,1,4,0.0590455023837941,936,50.25,6,90.6,1004.1,73.0
optimized_20260625_031814,optimized,UCIHAR,1,5,0.04342768286005594,1038,58.51,6,92.0,1001.1,71.6
optimized_20260625_031814,optimized,UCIHAR,1,6,0.027296156568739276,864,47.56,6,91.3,1007.7,67.7
optimized_20260625_031814,optimized,UCIHAR,1,7,0.03618188782666738,894,47.69,6,91.2,997.0,69.1
optimized_20260625_031814,optimized,UCIHAR,1,8,0.05087287364793675,954,50.55,6,91.5,984.2,70.6
optimized_20260625_031814,optimized,UCIHAR,1,9,0.05121474723833112,834,46.0,6,91.2,977.4,66.7
optimized_20260625_031814,optimized,UCIHAR,2,0,0.04357783609118901,1254,175.09,6,94.0,1029.9,57.5
optimized_20260625_031814,optimized,UCIHAR,2,1,0.05614143125712871,684,35.59,6,90.2,1026.3,67.7
optimized_20260625_031814,optimized,UCIHAR,2,2,0.05011790762655437,666,35.74,6,89.2,1031.6,70.1
optimized_20260625_031814,optimized,UCIHAR,2,3,0.04109481878747994,738,40.29,6,90.5,990.7,68.7
optimized_20260625_031814,optimized,UCIHAR,2,4,0.043994286230632236,936,49.64,6,91.6,1023.7,73.0
optimized_20260625_031814,optimized,UCIHAR,2,5,0.024604401070973836,1038,58.53,6,92.0,993.8,72.5
optimized_20260625_031814,optimized,UCIHAR,2,6,0.04009984234849421,864,47.71,6,91.4,1008.5,68.2
optimized_20260625_031814,optimized,UCIHAR,2,7,0.030129692409760676,894,47.7,6,91.1,995.4,69.6
optimized_20260625_031814,optimized,UCIHAR,2,8,0.05417650192975998,954,51.03,6,90.7,995.2,69.6
optimized_20260625_031814,optimized,UCIHAR,2,9,0.04103467201527495,834,46.46,6,90.4,977.5,67.7
optimized_20260625_031814,optimized,UCIHAR,3,0,0.04139356513654715,1254,175.77,6,94.0,1023.7,57.0
optimized_20260625_031814,optimized,UCIHAR,3,1,0.024486969457939267,684,35.56,6,90.1,1029.4,68.7
optimized_20260625_031814,optimized,UCIHAR,3,2,0.0361045811092481,666,35.52,6,90.2,1029.8,69.1
optimized_20260625_031814,optimized,UCIHAR,3,3,0.04130817403678189,738,40.22,6,90.5,992.7,66.7
optimized_20260625_031814,optimized,UCIHAR,3,4,0.04301648726686835,936,49.72,6,91.6,1021.8,74.5
optimized_20260625_031814,optimized,UCIHAR,3,5,0.033032258186722174,1038,58.59,6,91.8,1002.1,72.5
optimized_20260625_031814,optimized,UCIHAR,3,6,0.028029922342214447,864,48.09,6,90.0,1003.2,67.2
optimized_20260625_031814,optimized,UCIHAR,3,7,0.039058451290027454,894,48.02,6,90.1,992.3,70.1
optimized_20260625_031814,optimized,UCIHAR,3,8,0.040996285853907466,954,50.62,6,91.4,995.7,70.1
optimized_20260625_031814,optimized,UCIHAR,3,9,0.0340953001107734,834,46.15,6,91.4,974.5,67.7
optimized_20260625_031814,optimized,UCIHAR,4,0,0.04343709512613714,1254,177.09,6,93.3,1027.3,56.5
optimized_20260625_031814,optimized,UCIHAR,4,1,0.04458144204691052,684,35.44,6,90.1,1023.3,67.7
optimized_20260625_031814,optimized,UCIHAR,4,2,0.03681377668399364,666,35.52,6,90.3,1027.9,70.6
optimized_20260625_031814,optimized,UCIHAR,4,3,0.03538277065804736,738,40.55,6,89.6,992.2,67.7
optimized_20260625_031814,optimized,UCIHAR,4,4,0.04038394754752517,936,50.03,6,90.6,1022.7,73.5
optimized_20260625_031814,optimized,UCIHAR,4,5,0.03760433096613269,1038,59.13,6,91.0,975.8,71.6
optimized_20260625_031814,optimized,UCIHAR,4,6,0.047257527350806273,864,48.15,6,90.2,1006.2,68.2
optimized_20260625_031814,optimized,UCIHAR,4,7,0.04281971252595003,894,47.6,6,91.1,994.2,70.6
optimized_20260625_031814,optimized,UCIHAR,4,8,0.04308908871774163,954,50.18,6,91.3,1001.0,70.1
optimized_20260625_031814,optimized,UCIHAR,4,9,0.03556424194875245,834,45.74,6,91.2,967.9,67.7
optimized_20260625_031814,optimized,UCIHAR,5,0,0.043170793055507695,1254,176.13,6,93.7,1029.3,57.5
optimized_20260625_031814,optimized,UCIHAR,5,1,0.028357816953212024,684,35.44,6,90.2,1025.1,68.2
optimized_20260625_031814,optimized,UCIHAR,5,2,0.04249565901700407,666,35.45,6,90.3,1027.7,69.1
optimized_20260625_031814,optimized,UCIHAR,5,3,0.026089651510119438,738,40.28,6,90.6,996.0,67.2
optimized_20260625_031814,optimized,UCIHAR,5,4,0.038701475032472184,936,49.55,6,91.6,1023.1,74.0
optimized_20260625_031814,optimized,UCIHAR,5,5,0.02268198820820544,1038,59.14,6,90.8,1003.2,72.5
optimized_20260625_031814,optimized,UCIHAR,5,6,0.041571288190495506,864,48.08,6,90.1,1009.6,67.7
optimized_20260625_031814,optimized,UCIHAR,5,7,0.03316031897870394,894,47.8,6,91.3,991.3,70.1
optimized_20260625_031814,optimized,UCIHAR,5,8,0.037820279731282165,954,50.81,6,91.4,1004.0,69.6
optimized_20260625_031814,optimized,UCIHAR,5,9,0.02471625475356212,834,46.17,6,91.3,974.0,67.2
optimized_20260625_031814,optimized,UCIHAR,6,0,0.04013049375805024,1254,175.5,6,93.9,1011.1,57.5
optimized_20260625_031814,optimized,UCIHAR,6,1,0.04149707891047001,684,35.48,6,90.1,1025.8,68.7
optimized_20260625_031814,optimized,UCIHAR,6,2,0.04767261128872633,666,35.48,6,90.3,1030.9,70.1
optimized_20260625_031814,optimized,UCIHAR,6,3,0.04830056486058642,738,40.25,6,90.5,996.8,67.7
optimized_20260625_031814,optimized,UCIHAR,6,4,0.03310477633827499,936,49.75,6,91.7,1022.6,74.0
optimized_20260625_031814,optimized,UCIHAR,6,5,0.02480951872712467,1038,58.65,6,91.5,996.3,72.5
optimized_20260625_031814,optimized,UCIHAR,6,6,0.03417818459610526,864,47.37,6,91.3,1007.0,68.2
optimized_20260625_031814,optimized,UCIHAR,6,7,0.02723562719228749,894,47.59,6,91.0,997.2,70.1
optimized_20260625_031814,optimized,UCIHAR,6,8,0.033707709051668644,954,51.23,6,90.9,994.9,71.1
optimized_20260625_031814,optimized,UCIHAR,6,9,0.04404644180053415,834,45.94,6,91.2,977.0,68.2
optimized_20260625_031814,optimized,UCIHAR,7,0,0.04111946956254542,1254,175.09,6,94.0,1031.2,58.4
optimized_20260625_031814,optimized,UCIHAR,7,1,0.04731460940092802,684,35.85,6,89.2,1030.7,68.2
optimized_20260625_031814,optimized,UCIHAR,7,2,0.04296855318825692,666,35.6,6,90.2,1033.1,68.7
optimized_20260625_031814,optimized,UCIHAR,7,3,0.049280058021064506,738,40.22,6,90.6,993.7,67.2
optimized_20260625_031814,optimized,UCIHAR,7,4,0.035531363250421624,936,49.84,6,91.6,1024.8,73.0
optimized_20260625_031814,optimized,UCIHAR,7,5,0.035353034327272326,1038,58.72,6,91.8,997.3,71.1
optimized_20260625_031814,optimized,UCIHAR,7,6,0.03983113259220353,864,47.66,6,91.2,1012.5,68.7
optimized_20260625_031814,optimized,UCIHAR,7,7,0.0331277784694416,894,47.55,6,91.1,992.4,69.6
optimized_20260625_031814,optimized,UCIHAR,7,8,0.029109747814280645,954,50.28,6,91.3,991.1,70.1
optimized_20260625_031814,optimized,UCIHAR,7,9,0.030315986243434824,834,46.4,6,91.5,980.7,67.7
optimized_20260625_031814,optimized,UCIHAR,8,0,0.026668333889622437,1254,173.31,6,93.9,1032.2,57.0
optimized_20260625_031814,optimized,UCIHAR,8,1,0.02935853973031044,684,35.72,6,89.8,1024.9,68.7
optimized_20260625_031814,optimized,UCIHAR,8,2,0.03996082224184647,666,35.4,6,90.3,1033.4,69.6
optimized_20260625_031814,optimized,UCIHAR,8,3,0.033584663390435955,738,40.18,6,90.6,998.1,67.2
optimized_20260625_031814,optimized,UCIHAR,8,4,0.046318580130381246,936,50.27,6,90.6,1023.0,74.0
optimized_20260625_031814,optimized,UCIHAR,8,5,0.02820028839778388,1038,58.46,6,91.9,999.4,72.1
optimized_20260625_031814,optimized,UCIHAR,8,6,0.028403656440787017,864,47.54,6,91.4,1009.3,69.1
optimized_20260625_031814,optimized,UCIHAR,8,7,0.0357724919449538,894,47.58,6,91.3,991.2,71.1
optimized_20260625_031814,optimized,UCIHAR,8,8,0.035607802482055764,954,51.44,6,91.3,997.7,70.6
optimized_20260625_031814,optimized,UCIHAR,8,9,0.03308657616770898,834,46.17,6,91.4,977.9,67.7
optimized_20260625_031814,optimized,UCIHAR,9,0,0.03239149899270974,1254,175.82,6,93.8,1023.5,57.9
optimized_20260625_031814,optimized,UCIHAR,9,1,0.023164534312672912,684,35.44,6,90.1,1025.2,69.6
optimized_20260625_031814,optimized,UCIHAR,9,2,0.04508614734513685,666,35.59,6,90.1,1035.9,69.1
optimized_20260625_031814,optimized,UCIHAR,9,3,0.03353611017916013,738,40.34,6,90.5,998.7,68.2
optimized_20260625_031814,optimized,UCIHAR,9,4,0.030342674647857035,936,49.72,6,91.6,1030.8,74.0
optimized_20260625_031814,optimized,UCIHAR,9,5,0.03200575598020805,1038,58.59,6,91.9,997.9,71.1
optimized_20260625_031814,optimized,UCIHAR,9,6,0.028189736409471013,864,47.97,6,90.2,1006.0,68.2
optimized_20260625_031814,optimized,UCIHAR,9,7,0.034833809083256013,894,48.14,6,90.1,995.4,69.1
optimized_20260625_031814,optimized,UCIHAR,9,8,0.046991249679454734,954,50.41,6,90.4,995.2,71.1
optimized_20260625_031814,optimized,UCIHAR,9,9,0.038754166229269825,834,46.01,6,91.3,977.3,68.2
optimized_20260625_031814,optimized,UCIHAR,10,0,0.04458969344973172,1254,175.47,6,93.9,1040.1,57.9
optimized_20260625_031814,optimized,UCIHAR,10,1,0.04060811903327703,684,35.52,6,90.2,1027.4,68.2
optimized_20260625_031814,optimized,UCIHAR,10,2,0.033780789165757594,666,35.65,6,89.9,1028.2,68.7
optimized_20260625_031814,optimized,UCIHAR,10,3,0.040469105397774416,738,40.3,6,90.5,989.4,66.7
optimized_20260625_031814,optimized,UCIHAR,10,4,0.043719076218881776,936,49.74,6,91.6,1023.5,74.5
optimized_20260625_031814,optimized,UCIHAR,10,5,0.03316058650671039,1038,58.57,6,92.0,994.6,73.0
optimized_20260625_031814,optimized,UCIHAR,10,6,0.04053337683972831,864,47.58,6,91.4,1002.8,69.1
optimized_20260625_031814,optimized,UCIHAR,10,7,0.02907147894326884,894,47.71,6,91.1,994.6,70.6
optimized_20260625_031814,optimized,UCIHAR,10,8,0.037663266994059086,954,51.68,6,90.8,988.4,70.6
optimized_20260625_031814,optimized,UCIHAR,10,9,0.029128594198622383,834,46.1,6,90.3,975.5,67.7
